item_id,item_name,base_price,effective_price,item_rating,item_sold_count,spicy_level,calories_estimate,is_available,is_signature,category_name,shop_id,shop_name,shop_rating,shop_status,avg_delivery_time_min,min_order_amount,full_address,latitude,longitude,estimated_delivery_fee,recommendation_score
item_021_001,Pad Thai tôm,89000,80000,4.8,2575,2,340,1,1,Mì xào,shop_021,Bếp Thái Tuk Tuk,4.7,open,16,30000,"146 Nguyễn Huệ, Phường Bến Nghé, Quận 1, TP. Hồ Chí Minh",10.782896,106.703009,21000,0.9149
item_018_002,Cháo thịt bằm trứng bắc thảo,45000,43000,4.9,3220,0,734,1,0,Cháo,shop_018,Cháo Sườn Chú Tư,4.8,open,18,30000,"102 Trần Đình Xu, Phường Cầu Kho, Quận 1, TP. Hồ Chí Minh",10.761434,106.687313,13000,0.913
item_018_004,Súp cua,35000,33000,4.8,1941,0,596,1,0,Súp,shop_018,Cháo Sườn Chú Tư,4.8,open,18,30000,"102 Trần Đình Xu, Phường Cầu Kho, Quận 1, TP. Hồ Chí Minh",10.761434,106.687313,13000,0.906
item_041_005,Cookie chocolate,25000,24000,4.8,1720,0,341,1,0,Tráng miệng,shop_041,Sandwich Deli Corner,4.7,open,16,20000,"28 Mạc Thị Bưởi, Phường Bến Nghé, Quận 1, TP. Hồ Chí Minh",10.780991,106.706304,10000,0.9038
item_021_003,Tom Yum hải sản,99000,91000,4.6,2686,4,575,1,1,Súp,shop_021,Bếp Thái Tuk Tuk,4.7,open,16,30000,"146 Nguyễn Huệ, Phường Bến Nghé, Quận 1, TP. Hồ Chí Minh",10.782896,106.703009,21000,0.9009
item_018_003,Cháo gà xé nấm,49000,44000,4.7,2322,0,478,1,0,Cháo,shop_018,Cháo Sườn Chú Tư,4.8,open,18,30000,"102 Trần Đình Xu, Phường Cầu Kho, Quận 1, TP. Hồ Chí Minh",10.761434,106.687313,13000,0.899
item_036_003,Wrap gà ngũ cốc,75000,71000,4.5,2770,0,546,1,1,Wrap,shop_036,Salad Stop Mini,4.3,open,18,50000,"24 Phan Bội Châu, Phường Bến Thành, Quận 1, TP. Hồ Chí Minh",10.772637,106.697942,19000,0.885
item_035_004,Cơm basmati,25000,23000,5.0,2082,0,98,1,0,Món thêm,shop_035,Bếp Ấn Curry Corner,4.8,open,26,20000,"182 Lê Lợi, Phường Bến Nghé, Quận 1, TP. Hồ Chí Minh",10.776525,106.703176,21000,0.8844
item_023_002,Xôi mặn thập cẩm,40000,34000,4.5,2139,0,570,1,1,Xôi,shop_023,Xôi Mặn Cô Ba,4.3,open,22,50000,"152 Trương Định, Phường Bến Thành, Quận 1, TP. Hồ Chí Minh",10.77087,106.695812,22000,0.8672
item_011_005,Rau nấm thêm,25000,24000,4.3,3169,0,163,1,0,Món thêm,shop_011,Lẩu Mini Một Người,4.1,open,19,40000,"202 Nguyễn Văn Cừ, Phường Cầu Kho, Quận 1, TP. Hồ Chí Minh",10.756856,106.690981,17000,0.8666
item_004_005,Smoothie chuối bơ đậu phộng,49000,42000,4.3,3734,0,299,1,0,Đồ uống,shop_004,Healthy Bowl Saigon,4.1,open,20,25000,"46 Yersin, Phường Nguyễn Thái Bình, Quận 1, TP. Hồ Chí Minh",10.765494,106.699933,18000,0.8621
item_023_005,Chả lụa thêm,12000,10000,4.4,1785,0,123,1,0,Món thêm,shop_023,Xôi Mặn Cô Ba,4.3,open,22,50000,"152 Trương Định, Phường Bến Thành, Quận 1, TP. Hồ Chí Minh",10.77087,106.695812,22000,0.8581
item_016_003,Bún đậu chả cốm,69000,66000,5.0,3171,0,657,1,1,Bún đậu,shop_016,Bún Đậu Mắm Tôm Hà Nội,4.9,open,32,40000,"Hẻm 77/190 Nguyễn Hữu Cầu, Phường Tân Định, Quận 1, TP. Hồ Chí Minh",10.789933,106.690592,11000,0.8578
item_016_006,Nước mơ Hà Nội,25000,22000,5.0,2914,0,281,1,0,Đồ uống,shop_016,Bún Đậu Mắm Tôm Hà Nội,4.9,open,32,40000,"Hẻm 77/190 Nguyễn Hữu Cầu, Phường Tân Định, Quận 1, TP. Hồ Chí Minh",10.789933,106.690592,11000,0.8578
item_035_003,Cà ri đậu gà chay,89000,85000,4.6,2057,2,578,1,0,Curry,shop_035,Bếp Ấn Curry Corner,4.8,open,26,20000,"182 Lê Lợi, Phường Bến Nghé, Quận 1, TP. Hồ Chí Minh",10.776525,106.703176,21000,0.8564
item_017_005,Topping trân châu trắng,10000,9000,4.6,1577,0,196,1,0,Topping,shop_017,Trà Sữa Moon Tea,4.7,open,20,30000,"97 Lê Thánh Tôn, Phường Bến Thành, Quận 1, TP. Hồ Chí Minh",10.775029,106.695009,19000,0.8521
item_044_003,Bún chả cá Nha Trang,59000,53000,4.7,2651,0,567,1,0,Bún,shop_044,Bún Cá Nha Trang,4.8,open,29,30000,"16 Phó Đức Chính, Phường Nguyễn Thái Bình, Quận 1, TP. Hồ Chí Minh",10.765811,106.70282,19000,0.8501
item_034_006,Trà gạo rang,25000,21000,4.1,2647,0,376,1,0,Đồ uống,shop_034,Cơm Trộn Bibimbap House,4.2,open,21,60000,"62 Nguyễn Hữu Cầu, Phường Tân Định, Quận 1, TP. Hồ Chí Minh",10.792729,106.690306,25000,0.8437
item_009_003,Pizza bò BBQ size M,139000,118000,4.1,2371,0,756,1,0,Pizza,shop_009,Pizza Urban Slice,4.1,open,23,50000,"147 Đồng Khởi, Phường Bến Nghé, Quận 1, TP. Hồ Chí Minh",10.776256,106.702768,16000,0.8348
item_037_004,Khoai tây chiên bò né,25000,23000,4.1,3145,0,183,1,1,Món thêm,shop_037,Bò Né 3 Ngon,4.3,open,23,20000,"Hẻm 67/195 Bùi Viện, Phường Nguyễn Cư Trinh, Quận 1, TP. Hồ Chí Minh",10.764737,106.68349,17000,0.8348
item_022_004,Mì trộn phô mai,52000,49000,4.6,3106,1,890,1,0,Mì,shop_022,Mì Trộn Indomie House,4.6,open,33,50000,"141 Cô Giang, Phường Cầu Ông Lãnh, Quận 1, TP. Hồ Chí Minh",10.764801,106.69773,15000,0.8253
item_021_005,Xôi xoài,55000,55000,4.9,3973,0,550,1,0,Tráng miệng,shop_021,Bếp Thái Tuk Tuk,4.7,open,16,30000,"146 Nguyễn Huệ, Phường Bến Nghé, Quận 1, TP. Hồ Chí Minh",10.782896,106.703009,21000,0.8219
item_010_001,Bento cá hồi teriyaki,119000,109000,4.8,1770,0,853,1,1,Bento,shop_010,Sushi Bento Tokyo,4.6,open,36,60000,"168 Hai Bà Trưng, Phường Bến Nghé, Quận 1, TP. Hồ Chí Minh",10.78321,106.705723,15000,0.8218
item_009_006,Combo pizza 2 người,199000,169000,3.9,3584,1,959,1,0,Combo,shop_009,Pizza Urban Slice,4.1,open,23,50000,"147 Đồng Khởi, Phường Bến Nghé, Quận 1, TP. Hồ Chí Minh",10.776256,106.702768,16000,0.8208
item_018_005,Quẩy thêm,10000,10000,5.0,3785,0,233,1,0,Món thêm,shop_018,Cháo Sườn Chú Tư,4.8,open,18,30000,"102 Trần Đình Xu, Phường Cầu Kho, Quận 1, TP. Hồ Chí Minh",10.761434,106.687313,13000,0.82
item_004_003,Bowl bò áp chảo gạo lứt,99000,84000,4.1,1587,0,378,1,1,Healthy Bowl,shop_004,Healthy Bowl Saigon,4.1,open,20,25000,"46 Yersin, Phường Nguyễn Thái Bình, Quận 1, TP. Hồ Chí Minh",10.765494,106.699933,18000,0.8185
item_008_001,Bún thịt nướng chả giò,55000,50000,4.5,2253,0,377,1,1,Bún,shop_008,Bún Thịt Nướng An Nhiên,4.5,open,33,30000,"197 Trần Đình Xu, Phường Nguyễn Cư Trinh, Quận 1, TP. Hồ Chí Minh",10.760948,106.688016,21000,0.8183
item_028_004,Cà phê sữa đá,35000,32000,4.7,3386,0,287,1,1,Cà phê,shop_028,Cà Phê Sáng & Brunch,4.7,open,37,25000,"43 Nguyễn Văn Thủ, Phường Đa Kao, Quận 1, TP. Hồ Chí Minh",10.792032,106.699618,20000,0.8146
item_005_004,Tokbokki phô mai,59000,50000,4.3,3844,3,533,1,0,Ăn vặt,shop_005,Mì Cay Sasin Mini Q1,4.3,open,31,25000,"39 Đề Thám, Phường Cầu Ông Lãnh, Quận 1, TP. Hồ Chí Minh",10.767938,106.693152,23000,0.8132
item_042_001,Cơm bò nướng BBQ,79000,79000,4.9,3142,1,744,1,1,Cơm,shop_042,Bếp Nướng BBQ Express,4.8,open,18,60000,"40 Võ Thị Sáu, Phường Tân Định, Quận 1, TP. Hồ Chí Minh",10.794639,106.687784,20000,0.813
item_038_002,Gỏi cuốn bì chay,35000,32000,4.0,1895,0,309,1,0,Cuốn,shop_038,Gỏi Cuốn Fresh Roll,4.2,open,27,25000,"120 Calmette, Phường Nguyễn Thái Bình, Quận 1, TP. Hồ Chí Minh",10.767466,106.698536,23000,0.81
item_038_004,Bò bía mặn,30000,27000,4.0,3755,0,327,1,0,Cuốn,shop_038,Gỏi Cuốn Fresh Roll,4.2,open,27,25000,"120 Calmette, Phường Nguyễn Thái Bình, Quận 1, TP. Hồ Chí Minh",10.767466,106.698536,23000,0.81
item_019_005,Canh chua cá,45000,38000,4.6,2993,1,439,1,0,Canh,shop_019,Cơm Niêu Nhà Quê,4.8,open,37,30000,"106 Trần Đình Xu, Phường Nguyễn Cư Trinh, Quận 1, TP. Hồ Chí Minh",10.759938,106.688679,16000,0.8076
item_005_001,Mì cay hải sản cấp độ 3,69000,59000,4.2,3851,5,527,1,1,Mì,shop_005,Mì Cay Sasin Mini Q1,4.3,open,31,25000,"39 Đề Thám, Phường Cầu Ông Lãnh, Quận 1, TP. Hồ Chí Minh",10.767938,106.693152,23000,0.8062
item_005_006,Trà đào,25000,21000,4.2,3867,0,96,1,0,Đồ uống,shop_005,Mì Cay Sasin Mini Q1,4.3,open,31,25000,"39 Đề Thám, Phường Cầu Ông Lãnh, Quận 1, TP. Hồ Chí Minh",10.767938,106.693152,23000,0.8062
item_023_004,Xôi chay nấm,35000,33000,4.3,1457,0,661,1,0,Xôi,shop_023,Xôi Mặn Cô Ba,4.3,open,22,50000,"152 Trương Định, Phường Bến Thành, Quận 1, TP. Hồ Chí Minh",10.77087,106.695812,22000,0.8056
item_015_004,Gỏi gà xé phay,59000,54000,4.3,2218,0,583,1,0,Gỏi,shop_015,Cơm Gà Hải Nam Singapore,4.5,open,33,25000,"55 Mạc Thị Bưởi, Phường Bến Nghé, Quận 1, TP. Hồ Chí Minh",10.780757,106.707639,15000,0.8043
item_013_002,Xíu mại thịt cua,62000,56000,4.4,3698,0,703,1,0,Dimsum,shop_013,Dimsum Hồng Kông Express,4.4,open,36,30000,"87 Lý Tự Trọng, Phường Bến Thành, Quận 1, TP. Hồ Chí Minh",10.770486,106.698337,8000,0.798
item_024_003,Bún riêu chả,52000,44000,4.2,2117,1,402,1,0,Bún,shop_024,Bún Riêu Cua Đồng,4.4,open,33,60000,"Hẻm 46/181 Hai Bà Trưng, Phường Tân Định, Quận 1, TP. Hồ Chí Minh",10.795929,106.6893,22000,0.7973
item_042_006,Pepsi lon,18000,18000,4.7,1774,0,243,1,0,Đồ uống,shop_042,Bếp Nướng BBQ Express,4.8,open,18,60000,"40 Võ Thị Sáu, Phường Tân Định, Quận 1, TP. Hồ Chí Minh",10.794639,106.687784,20000,0.7954
item_040_004,Rau sống bánh xèo,15000,15000,4.5,2781,0,216,1,0,Món thêm,shop_040,Bánh Xèo Miền Tây,4.3,open,16,50000,"51 Nguyễn Văn Cừ, Phường Cầu Kho, Quận 1, TP. Hồ Chí Minh",10.758987,106.691754,17000,0.7939
item_041_006,Americano đá,35000,35000,4.5,1959,0,197,1,0,Cà phê,shop_041,Sandwich Deli Corner,4.7,open,16,20000,"28 Mạc Thị Bưởi, Phường Bến Nghé, Quận 1, TP. Hồ Chí Minh",10.780991,106.706304,10000,0.7939
item_018_001,Cháo sườn quẩy,39000,39000,4.6,3060,0,786,1,1,Cháo,shop_018,Cháo Sườn Chú Tư,4.8,open,18,30000,"102 Trần Đình Xu, Phường Cầu Kho, Quận 1, TP. Hồ Chí Minh",10.761434,106.687313,13000,0.792
item_042_002,Sườn nướng mật ong,119000,119000,4.6,2631,0,322,1,1,Món chính,shop_042,Bếp Nướng BBQ Express,4.8,open,18,60000,"40 Võ Thị Sáu, Phường Tân Định, Quận 1, TP. Hồ Chí Minh",10.794639,106.687784,20000,0.792
item_042_003,Gà nướng sốt cay,89000,89000,4.7,1727,3,676,1,0,Món chính,shop_042,Bếp Nướng BBQ Express,4.8,open,18,60000,"40 Võ Thị Sáu, Phường Tân Định, Quận 1, TP. Hồ Chí Minh",10.794639,106.687784,20000,0.7889
item_002_005,Chả cua thêm,22000,19000,4.1,1882,0,142,1,0,Món thêm,shop_002,Bún Bò Huế Cô Mai,4.1,open,34,50000,"Hẻm 207/190 Nguyễn Đình Chiểu, Phường Đa Kao, Quận 1, TP. Hồ Chí Minh",10.790668,106.69868,17000,0.7859
item_021_002,Cơm gà sốt basil cay,79000,73000,4.8,864,4,329,1,0,Cơm,shop_021,Bếp Thái Tuk Tuk,4.7,open,16,30000,"146 Nguyễn Huệ, Phường Bến Nghé, Quận 1, TP. Hồ Chí Minh",10.782896,106.703009,21000,0.7849
item_035_002,Cà ri cừu cay,129000,129000,5.0,2659,4,404,1,1,Curry,shop_035,Bếp Ấn Curry Corner,4.8,open,26,20000,"182 Lê Lợi, Phường Bến Nghé, Quận 1, TP. Hồ Chí Minh",10.776525,106.703176,21000,0.7844
item_006_002,Bánh mì chả cá,28000,25000,4.2,3690,1,363,1,0,Bánh mì,shop_006,Bánh Mì Cô Lan,4.2,open,36,50000,"197 Võ Thị Sáu, Phường Tân Định, Quận 1, TP. Hồ Chí Minh",10.794637,106.693534,16000,0.784
item_020_001,Bánh canh cua đặc biệt,79000,79000,4.6,3664,1,804,1,1,Bánh canh,shop_020,Bánh Canh Cua 79,4.4,open,20,60000,"29 Mai Thị Lựu, Phường Đa Kao, Quận 1, TP. Hồ Chí Minh",10.785874,106.698586,13000,0.7831
item_025_001,Chicken kebab wrap,69000,69000,4.7,3679,1,682,1,1,Wrap,shop_025,Kebab & Wrap Corner,4.7,open,22,20000,"170 Lê Lợi, Phường Bến Nghé, Quận 1, TP. Hồ Chí Minh",10.778341,106.702005,19000,0.7812
item_013_004,Mì hoành thánh xá xíu,69000,66000,4.5,1595,0,385,1,0,Mì,shop_013,Dimsum Hồng Kông Express,4.4,open,36,30000,"87 Lý Tự Trọng, Phường Bến Thành, Quận 1, TP. Hồ Chí Minh",10.770486,106.698337,8000,0.7765
item_017_001,Trà sữa trân châu đường đen,45000,45000,4.5,3211,0,228,1,1,Trà sữa,shop_017,Trà Sữa Moon Tea,4.7,open,20,30000,"97 Lê Thánh Tôn, Phường Bến Thành, Quận 1, TP. Hồ Chí Minh",10.775029,106.695009,19000,0.7761
item_017_003,Trà đào cam sả,42000,42000,4.5,3289,0,709,1,0,Trà trái cây,shop_017,Trà Sữa Moon Tea,4.7,open,20,30000,"97 Lê Thánh Tôn, Phường Bến Thành, Quận 1, TP. Hồ Chí Minh",10.775029,106.695009,19000,0.7761
item_041_001,Sandwich ham cheese,59000,59000,4.5,1658,0,884,1,1,Sandwich,shop_041,Sandwich Deli Corner,4.7,open,16,20000,"28 Mạc Thị Bưởi, Phường Bến Nghé, Quận 1, TP. Hồ Chí Minh",10.780991,106.706304,10000,0.7742
item_035_001,Cà ri gà bơ,99000,99000,4.8,3527,2,722,1,1,Curry,shop_035,Bếp Ấn Curry Corner,4.8,open,26,20000,"182 Lê Lợi, Phường Bến Nghé, Quận 1, TP. Hồ Chí Minh",10.776525,106.703176,21000,0.7704
item_001_005,Canh khổ qua nhồi thịt,35000,32000,4.0,1860,0,272,1,0,Canh,shop_001,Cơm Tấm Ba Ghiền Q1,4.1,open,36,25000,"94 Phan Bội Châu, Phường Bến Thành, Quận 1, TP. Hồ Chí Minh",10.774997,106.697233,9000,0.77
item_006_006,Cà phê sữa đá,22000,20000,4.0,2404,0,370,1,0,Đồ uống,shop_006,Bánh Mì Cô Lan,4.2,open,36,50000,"197 Võ Thị Sáu, Phường Tân Định, Quận 1, TP. Hồ Chí Minh",10.794637,106.693534,16000,0.77
item_015_002,Cơm gà quay mật ong,79000,73000,4.4,1496,0,327,1,1,Cơm,shop_015,Cơm Gà Hải Nam Singapore,4.5,open,33,25000,"55 Mạc Thị Bưởi, Phường Bến Nghé, Quận 1, TP. Hồ Chí Minh",10.780757,106.707639,15000,0.7691
item_020_004,Cua thêm,45000,45000,4.4,3076,0,204,1,0,Món thêm,shop_020,Bánh Canh Cua 79,4.4,open,20,60000,"29 Mai Thị Lựu, Phường Đa Kao, Quận 1, TP. Hồ Chí Minh",10.785874,106.698586,13000,0.7691
item_030_002,Taco gà phô mai,65000,55000,4.6,1491,1,686,1,0,Taco,shop_030,Taco Fiesta,4.7,open,36,25000,"96 Đồng Khởi, Phường Bến Nghé, Quận 1, TP. Hồ Chí Minh",10.781699,106.7039,15000,0.7691
item_040_001,Bánh xèo tôm thịt,69000,69000,4.1,2630,0,701,1,1,Bánh xèo,shop_040,Bánh Xèo Miền Tây,4.3,open,16,50000,"51 Nguyễn Văn Cừ, Phường Cầu Kho, Quận 1, TP. Hồ Chí Minh",10.758987,106.691754,17000,0.7659
item_044_001,Bún cá sứa,65000,65000,4.9,3038,0,326,1,1,Bún,shop_044,Bún Cá Nha Trang,4.8,open,29,30000,"16 Phó Đức Chính, Phường Nguyễn Thái Bình, Quận 1, TP. Hồ Chí Minh",10.765811,106.70282,19000,0.7641
item_036_001,Salad gà Caesar,79000,79000,4.2,2557,0,393,1,1,Salad,shop_036,Salad Stop Mini,4.3,open,18,50000,"24 Phan Bội Châu, Phường Bến Thành, Quận 1, TP. Hồ Chí Minh",10.772637,106.697942,19000,0.764
item_035_005,Bánh naan tỏi,35000,35000,4.7,2193,0,198,1,0,Món thêm,shop_035,Bếp Ấn Curry Corner,4.8,open,26,20000,"182 Lê Lợi, Phường Bến Nghé, Quận 1, TP. Hồ Chí Minh",10.776525,106.703176,21000,0.7634
item_001_002,Cơm tấm sườn trứng,55000,50000,3.9,3114,0,787,1,0,Cơm,shop_001,Cơm Tấm Ba Ghiền Q1,4.1,open,36,25000,"94 Phan Bội Châu, Phường Bến Thành, Quận 1, TP. Hồ Chí Minh",10.774997,106.697233,9000,0.763
item_004_002,Salad cá hồi sốt chanh dây,109000,109000,4.3,3911,0,322,1,0,Salad,shop_004,Healthy Bowl Saigon,4.1,open,20,25000,"46 Yersin, Phường Nguyễn Thái Bình, Quận 1, TP. Hồ Chí Minh",10.765494,106.699933,18000,0.7621
item_032_003,Shoyu ramen gà,89000,89000,4.6,2264,1,329,1,0,Ramen,shop_032,Ramen Ichiban,4.6,open,25,25000,"83 Phan Bội Châu, Phường Bến Thành, Quận 1, TP. Hồ Chí Minh",10.772708,106.702298,21000,0.7609
item_011_004,Mì thêm,12000,12000,4.2,2000,0,208,1,0,Món thêm,shop_011,Lẩu Mini Một Người,4.1,open,19,40000,"202 Nguyễn Văn Cừ, Phường Cầu Kho, Quận 1, TP. Hồ Chí Minh",10.756856,106.690981,17000,0.7596
item_006_004,Bánh mì ốp la pate,30000,26000,4.2,1620,0,509,1,0,Bánh mì,shop_006,Bánh Mì Cô Lan,4.2,open,36,50000,"197 Võ Thị Sáu, Phường Tân Định, Quận 1, TP. Hồ Chí Minh",10.794637,106.693534,16000,0.759
item_036_004,Súp bí đỏ,45000,41000,4.3,991,0,414,1,0,Súp,shop_036,Salad Stop Mini,4.3,open,18,50000,"24 Phan Bội Châu, Phường Bến Thành, Quận 1, TP. Hồ Chí Minh",10.772637,106.697942,19000,0.7586
item_017_006,Sữa tươi đường đen,47000,42000,4.5,953,0,193,1,1,Đồ uống,shop_017,Trà Sữa Moon Tea,4.7,open,20,30000,"97 Lê Thánh Tôn, Phường Bến Thành, Quận 1, TP. Hồ Chí Minh",10.775029,106.695009,19000,0.7585
item_016_004,Nem chua rán,49000,49000,5.0,2554,0,425,1,0,Ăn vặt,shop_016,Bún Đậu Mắm Tôm Hà Nội,4.9,open,32,40000,"Hẻm 77/190 Nguyễn Hữu Cầu, Phường Tân Định, Quận 1, TP. Hồ Chí Minh",10.789933,106.690592,11000,0.7578
item_016_005,Đậu hũ chiên thêm,25000,25000,5.0,2516,0,96,1,1,Món thêm,shop_016,Bún Đậu Mắm Tôm Hà Nội,4.9,open,32,40000,"Hẻm 77/190 Nguyễn Hữu Cầu, Phường Tân Định, Quận 1, TP. Hồ Chí Minh",10.789933,106.690592,11000,0.7578
item_034_004,Canh kim chi,39000,39000,4.3,3073,3,456,1,1,Canh,shop_034,Cơm Trộn Bibimbap House,4.2,open,21,60000,"62 Nguyễn Hữu Cầu, Phường Tân Định, Quận 1, TP. Hồ Chí Minh",10.792729,106.690306,25000,0.7577
item_044_002,Bún cá thu,69000,69000,4.8,3378,0,699,1,0,Bún,shop_044,Bún Cá Nha Trang,4.8,open,29,30000,"16 Phó Đức Chính, Phường Nguyễn Thái Bình, Quận 1, TP. Hồ Chí Minh",10.765811,106.70282,19000,0.7571
item_037_002,Bò né phô mai,79000,79000,4.4,3181,0,789,1,0,Bò né,shop_037,Bò Né 3 Ngon,4.3,open,23,20000,"Hẻm 67/195 Bùi Viện, Phường Nguyễn Cư Trinh, Quận 1, TP. Hồ Chí Minh",10.764737,106.68349,17000,0.7558
item_037_003,Bánh mì thêm,8000,8000,4.4,3994,0,246,1,0,Món thêm,shop_037,Bò Né 3 Ngon,4.3,open,23,20000,"Hẻm 67/195 Bùi Viện, Phường Nguyễn Cư Trinh, Quận 1, TP. Hồ Chí Minh",10.764737,106.68349,17000,0.7558
item_004_001,Ức gà quinoa bowl,89000,89000,4.2,2205,0,393,1,1,Healthy Bowl,shop_004,Healthy Bowl Saigon,4.1,open,20,25000,"46 Yersin, Phường Nguyễn Thái Bình, Quận 1, TP. Hồ Chí Minh",10.765494,106.699933,18000,0.7551
item_032_006,Trà lúa mạch,25000,25000,4.5,2612,0,119,1,0,Đồ uống,shop_032,Ramen Ichiban,4.6,open,25,25000,"83 Phan Bội Châu, Phường Bến Thành, Quận 1, TP. Hồ Chí Minh",10.772708,106.702298,21000,0.7539
item_023_001,Xôi gà xé,35000,35000,4.3,2923,0,339,1,1,Xôi,shop_023,Xôi Mặn Cô Ba,4.3,open,22,50000,"152 Trương Định, Phường Bến Thành, Quận 1, TP. Hồ Chí Minh",10.77087,106.695812,22000,0.7532
item_011_003,Lẩu nấm chay mini,85000,85000,4.1,2129,1,460,1,0,Lẩu,shop_011,Lẩu Mini Một Người,4.1,open,19,40000,"202 Nguyễn Văn Cừ, Phường Cầu Kho, Quận 1, TP. Hồ Chí Minh",10.756856,106.690981,17000,0.7526
item_024_006,Nước tắc,15000,14000,4.4,1377,0,295,1,0,Đồ uống,shop_024,Bún Riêu Cua Đồng,4.4,open,33,60000,"Hẻm 46/181 Hai Bà Trưng, Phường Tân Định, Quận 1, TP. Hồ Chí Minh",10.795929,106.6893,22000,0.7526
item_002_002,Bún bò tái,50000,46000,3.9,1658,2,365,1,0,Bún,shop_002,Bún Bò Huế Cô Mai,4.1,open,34,50000,"Hẻm 207/190 Nguyễn Đình Chiểu, Phường Đa Kao, Quận 1, TP. Hồ Chí Minh",10.790668,106.69868,17000,0.7522
item_016_001,Bún đậu mẹt đầy đủ,89000,89000,4.9,3641,0,578,1,1,Bún đậu,shop_016,Bún Đậu Mắm Tôm Hà Nội,4.9,open,32,40000,"Hẻm 77/190 Nguyễn Hữu Cầu, Phường Tân Định, Quận 1, TP. Hồ Chí Minh",10.789933,106.690592,11000,0.7508
item_025_005,Hummus pita,49000,44000,4.6,908,0,814,1,0,Ăn vặt,shop_025,Kebab & Wrap Corner,4.7,open,22,20000,"170 Lê Lợi, Phường Bến Nghé, Quận 1, TP. Hồ Chí Minh",10.778341,106.702005,19000,0.7503
item_009_002,Pizza hải sản size M,149000,149000,4.3,2681,1,1040,1,0,Pizza,shop_009,Pizza Urban Slice,4.1,open,23,50000,"147 Đồng Khởi, Phường Bến Nghé, Quận 1, TP. Hồ Chí Minh",10.776256,106.702768,16000,0.7488
item_037_001,Bò né trứng pate,69000,69000,4.3,2711,0,916,1,1,Bò né,shop_037,Bò Né 3 Ngon,4.3,open,23,20000,"Hẻm 67/195 Bùi Viện, Phường Nguyễn Cư Trinh, Quận 1, TP. Hồ Chí Minh",10.764737,106.68349,17000,0.7488
item_004_004,Salad đậu gà rau củ,79000,79000,4.1,2255,0,345,1,0,Salad,shop_004,Healthy Bowl Saigon,4.1,open,20,25000,"46 Yersin, Phường Nguyễn Thái Bình, Quận 1, TP. Hồ Chí Minh",10.765494,106.699933,18000,0.7481
item_032_001,Tonkotsu ramen,99000,99000,4.4,3598,1,879,1,1,Ramen,shop_032,Ramen Ichiban,4.6,open,25,25000,"83 Phan Bội Châu, Phường Bến Thành, Quận 1, TP. Hồ Chí Minh",10.772708,106.702298,21000,0.7469
item_023_003,Xôi xá xíu,42000,42000,4.2,2559,0,649,1,0,Xôi,shop_023,Xôi Mặn Cô Ba,4.3,open,22,50000,"152 Trương Định, Phường Bến Thành, Quận 1, TP. Hồ Chí Minh",10.77087,106.695812,22000,0.7462
item_011_002,Lẩu bò sa tế mini,95000,95000,4.0,2837,3,325,1,0,Lẩu,shop_011,Lẩu Mini Một Người,4.1,open,19,40000,"202 Nguyễn Văn Cừ, Phường Cầu Kho, Quận 1, TP. Hồ Chí Minh",10.756856,106.690981,17000,0.7456
item_018_006,Sữa đậu xanh,18000,15000,5.0,539,0,412,1,1,Đồ uống,shop_018,Cháo Sườn Chú Tư,4.8,open,18,30000,"102 Trần Đình Xu, Phường Cầu Kho, Quận 1, TP. Hồ Chí Minh",10.761434,106.687313,13000,0.7449
item_040_003,Bánh khọt Vũng Tàu,65000,65000,4.4,1467,0,534,1,0,Bánh khọt,shop_040,Bánh Xèo Miền Tây,4.3,open,16,50000,"51 Nguyễn Văn Cừ, Phường Cầu Kho, Quận 1, TP. Hồ Chí Minh",10.758987,106.691754,17000,0.7406
item_038_005,Sốt đậu phộng thêm,8000,7000,4.4,1096,0,77,1,0,Món thêm,shop_038,Gỏi Cuốn Fresh Roll,4.2,open,27,25000,"120 Calmette, Phường Nguyễn Thái Bình, Quận 1, TP. Hồ Chí Minh",10.767466,106.698536,23000,0.7402
item_022_001,Mì trộn bò cay,49000,49000,4.8,2350,3,561,1,1,Mì,shop_022,Mì Trộn Indomie House,4.6,open,33,50000,"141 Cô Giang, Phường Cầu Ông Lãnh, Quận 1, TP. Hồ Chí Minh",10.764801,106.69773,15000,0.7393
item_011_001,Lẩu Thái hải sản mini,99000,99000,3.9,3610,4,589,1,1,Lẩu,shop_011,Lẩu Mini Một Người,4.1,open,19,40000,"202 Nguyễn Văn Cừ, Phường Cầu Kho, Quận 1, TP. Hồ Chí Minh",10.756856,106.690981,17000,0.7386
item_019_004,Rau muống xào tỏi,39000,39000,5.0,2012,0,824,1,0,Món phụ,shop_019,Cơm Niêu Nhà Quê,4.8,open,37,30000,"106 Trần Đình Xu, Phường Nguyễn Cư Trinh, Quận 1, TP. Hồ Chí Minh",10.759938,106.688679,16000,0.7356
item_009_005,Khoai tây chiên,39000,39000,4.1,3648,0,710,1,0,Ăn vặt,shop_009,Pizza Urban Slice,4.1,open,23,50000,"147 Đồng Khởi, Phường Bến Nghé, Quận 1, TP. Hồ Chí Minh",10.776256,106.702768,16000,0.7348
item_022_005,Xúc xích thêm,15000,15000,4.7,2654,0,297,1,0,Món thêm,shop_022,Mì Trộn Indomie House,4.6,open,33,50000,"141 Cô Giang, Phường Cầu Ông Lãnh, Quận 1, TP. Hồ Chí Minh",10.764801,106.69773,15000,0.7323
item_031_002,Cơm cá kho tiêu,62000,62000,4.5,2137,1,777,1,0,Cơm,shop_031,Bếp Mẹ Nấu,4.4,open,30,60000,"Hẻm 138/138 Cô Bắc, Phường Cầu Ông Lãnh, Quận 1, TP. Hồ Chí Minh",10.76508,106.692608,17000,0.7317
item_028_006,Latte nóng,45000,45000,4.9,1880,0,98,1,1,Cà phê,shop_028,Cà Phê Sáng & Brunch,4.7,open,37,25000,"43 Nguyễn Văn Thủ, Phường Đa Kao, Quận 1, TP. Hồ Chí Minh",10.792032,106.699618,20000,0.7286
item_001_003,Cơm tấm ba rọi nướng,62000,56000,4.1,1450,1,328,1,0,Cơm,shop_001,Cơm Tấm Ba Ghiền Q1,4.1,open,36,25000,"94 Phan Bội Châu, Phường Bến Thành, Quận 1, TP. Hồ Chí Minh",10.774997,106.697233,9000,0.7284
item_026_002,Cơm bò xào lúc lắc,69000,69000,4.3,3698,0,622,1,0,Cơm,shop_026,Cơm Văn Phòng Bento Việt,4.1,open,28,60000,"217 Phó Đức Chính, Phường Nguyễn Thái Bình, Quận 1, TP. Hồ Chí Minh",10.770796,106.698751,21000,0.7266
item_030_003,Burrito bò đậu,89000,89000,4.8,2328,2,359,1,0,Burrito,shop_030,Taco Fiesta,4.7,open,36,25000,"96 Đồng Khởi, Phường Bến Nghé, Quận 1, TP. Hồ Chí Minh",10.781699,106.7039,15000,0.726
item_015_005,Canh cải thịt bằm,30000,30000,4.6,3931,0,357,1,0,Canh,shop_015,Cơm Gà Hải Nam Singapore,4.5,open,33,25000,"55 Mạc Thị Bưởi, Phường Bến Nghé, Quận 1, TP. Hồ Chí Minh",10.780757,106.707639,15000,0.7253
item_034_002,Bibimbap gà cay,75000,75000,4.2,1610,3,363,1,1,Cơm,shop_034,Cơm Trộn Bibimbap House,4.2,open,21,60000,"62 Nguyễn Hữu Cầu, Phường Tân Định, Quận 1, TP. Hồ Chí Minh",10.792729,106.690306,25000,0.7243
item_038_006,Nước ép dứa,35000,35000,4.2,2577,0,101,1,0,Đồ uống,shop_038,Gỏi Cuốn Fresh Roll,4.2,open,27,25000,"120 Calmette, Phường Nguyễn Thái Bình, Quận 1, TP. Hồ Chí Minh",10.767466,106.698536,23000,0.724
item_029_003,Mì Quảng bò,69000,59000,4.3,1309,1,386,1,0,Mì,shop_029,Mì Quảng Hội An,4.2,open,36,20000,"139 Cống Quỳnh, Phường Nguyễn Cư Trinh, Quận 1, TP. Hồ Chí Minh",10.76437,106.689562,14000,0.7228
item_019_006,Nước sâm bí đao,18000,18000,4.8,1871,0,395,1,0,Đồ uống,shop_019,Cơm Niêu Nhà Quê,4.8,open,37,30000,"106 Trần Đình Xu, Phường Nguyễn Cư Trinh, Quận 1, TP. Hồ Chí Minh",10.759938,106.688679,16000,0.7216
item_028_002,Sandwich gà nướng,69000,69000,4.8,3023,0,896,1,0,Sandwich,shop_028,Cà Phê Sáng & Brunch,4.7,open,37,25000,"43 Nguyễn Văn Thủ, Phường Đa Kao, Quận 1, TP. Hồ Chí Minh",10.792032,106.699618,20000,0.7216
item_008_006,Nước mía,18000,18000,4.5,3102,0,367,1,0,Đồ uống,shop_008,Bún Thịt Nướng An Nhiên,4.5,open,33,30000,"197 Trần Đình Xu, Phường Nguyễn Cư Trinh, Quận 1, TP. Hồ Chí Minh",10.760948,106.688016,21000,0.7183
item_024_004,Đậu hũ thêm,10000,10000,4.5,3704,0,205,1,0,Món thêm,shop_024,Bún Riêu Cua Đồng,4.4,open,33,60000,"Hẻm 46/181 Hai Bà Trưng, Phường Tân Định, Quận 1, TP. Hồ Chí Minh",10.795929,106.6893,22000,0.7183
item_031_001,Cơm thịt kho trứng,59000,59000,4.3,3468,0,886,1,1,Cơm,shop_031,Bếp Mẹ Nấu,4.4,open,30,60000,"Hẻm 138/138 Cô Bắc, Phường Cầu Ông Lãnh, Quận 1, TP. Hồ Chí Minh",10.76508,106.692608,17000,0.7177
item_038_003,Cuốn cá hồi bơ,79000,79000,4.1,2489,0,272,1,0,Cuốn,shop_038,Gỏi Cuốn Fresh Roll,4.2,open,27,25000,"120 Calmette, Phường Nguyễn Thái Bình, Quận 1, TP. Hồ Chí Minh",10.767466,106.698536,23000,0.717
item_037_006,Cacao đá,30000,27000,4.2,894,0,397,1,0,Đồ uống,shop_037,Bò Né 3 Ngon,4.3,open,23,20000,"Hẻm 67/195 Bùi Viện, Phường Nguyễn Cư Trinh, Quận 1, TP. Hồ Chí Minh",10.764737,106.68349,17000,0.7159
item_019_003,Cơm niêu gà kho gừng,79000,79000,4.7,2478,1,823,1,0,Cơm,shop_019,Cơm Niêu Nhà Quê,4.8,open,37,30000,"106 Trần Đình Xu, Phường Nguyễn Cư Trinh, Quận 1, TP. Hồ Chí Minh",10.759938,106.688679,16000,0.7146
item_040_002,Bánh xèo nấm chay,59000,50000,4.4,556,0,604,1,1,Bánh xèo,shop_040,Bánh Xèo Miền Tây,4.3,open,16,50000,"51 Nguyễn Văn Cừ, Phường Cầu Kho, Quận 1, TP. Hồ Chí Minh",10.758987,106.691754,17000,0.7141
item_031_004,Đậu hũ sốt cà,42000,39000,4.2,1101,0,892,1,0,Món chính,shop_031,Bếp Mẹ Nấu,4.4,open,30,60000,"Hẻm 138/138 Cô Bắc, Phường Cầu Ông Lãnh, Quận 1, TP. Hồ Chí Minh",10.76508,106.692608,17000,0.7136
item_010_002,Sushi cá hồi set 8 miếng,139000,139000,4.6,3207,0,411,1,1,Sushi,shop_010,Sushi Bento Tokyo,4.6,open,36,60000,"168 Hai Bà Trưng, Phường Bến Nghé, Quận 1, TP. Hồ Chí Minh",10.78321,106.705723,15000,0.712
item_010_003,Cơm cuộn California,89000,89000,4.6,3520,0,720,1,0,Sushi,shop_010,Sushi Bento Tokyo,4.6,open,36,60000,"168 Hai Bà Trưng, Phường Bến Nghé, Quận 1, TP. Hồ Chí Minh",10.78321,106.705723,15000,0.712
item_022_006,Trà chanh,18000,18000,4.4,2087,0,259,1,0,Đồ uống,shop_022,Mì Trộn Indomie House,4.6,open,33,50000,"141 Cô Giang, Phường Cầu Ông Lãnh, Quận 1, TP. Hồ Chí Minh",10.764801,106.69773,15000,0.7113
item_024_001,Bún riêu cua đầy đủ,55000,55000,4.4,3362,1,882,1,1,Bún,shop_024,Bún Riêu Cua Đồng,4.4,open,33,60000,"Hẻm 46/181 Hai Bà Trưng, Phường Tân Định, Quận 1, TP. Hồ Chí Minh",10.795929,106.6893,22000,0.7113
item_021_006,Trà sữa Thái xanh,39000,36000,4.7,3352,0,252,0,1,Đồ uống,shop_021,Bếp Thái Tuk Tuk,4.7,open,16,30000,"146 Nguyễn Huệ, Phường Bến Nghé, Quận 1, TP. Hồ Chí Minh",10.782896,106.703009,21000,0.7079
item_019_002,Cơm niêu thịt kho trứng,75000,75000,4.6,2093,0,530,1,0,Cơm,shop_019,Cơm Niêu Nhà Quê,4.8,open,37,30000,"106 Trần Đình Xu, Phường Nguyễn Cư Trinh, Quận 1, TP. Hồ Chí Minh",10.759938,106.688679,16000,0.7076
item_005_005,Kimbap chiên,45000,45000,4.2,3250,1,496,1,0,Ăn vặt,shop_005,Mì Cay Sasin Mini Q1,4.3,open,31,25000,"39 Đề Thám, Phường Cầu Ông Lãnh, Quận 1, TP. Hồ Chí Minh",10.767938,106.693152,23000,0.7062
item_026_006,Canh rong biển,25000,25000,4.0,2525,0,594,1,1,Canh,shop_026,Cơm Văn Phòng Bento Việt,4.1,open,28,60000,"217 Phó Đức Chính, Phường Nguyễn Thái Bình, Quận 1, TP. Hồ Chí Minh",10.770796,106.698751,21000,0.7056
item_019_001,Cơm niêu cá kho tộ,79000,73000,4.7,1009,1,607,1,1,Cơm,shop_019,Cơm Niêu Nhà Quê,4.8,open,37,30000,"106 Trần Đình Xu, Phường Nguyễn Cư Trinh, Quận 1, TP. Hồ Chí Minh",10.759938,106.688679,16000,0.7047
item_028_005,Cold brew cam,49000,49000,4.8,1677,0,192,1,0,Cà phê,shop_028,Cà Phê Sáng & Brunch,4.7,open,37,25000,"43 Nguyễn Văn Thủ, Phường Đa Kao, Quận 1, TP. Hồ Chí Minh",10.792032,106.699618,20000,0.7045
item_024_005,Rau thêm,8000,8000,4.3,3321,0,193,1,0,Món thêm,shop_024,Bún Riêu Cua Đồng,4.4,open,33,60000,"Hẻm 46/181 Hai Bà Trưng, Phường Tân Định, Quận 1, TP. Hồ Chí Minh",10.795929,106.6893,22000,0.7043
item_007_001,Phở bò tái,55000,52000,4.9,2415,0,611,1,1,Phở,shop_007,Phở Bò Nam Định 24h,4.7,closed,20,60000,"220 Nguyễn Trung Trực, Phường Bến Thành, Quận 1, TP. Hồ Chí Minh",10.774813,106.695116,21000,0.7041
item_025_006,Soda bạc hà,30000,30000,4.6,1267,0,375,1,0,Đồ uống,shop_025,Kebab & Wrap Corner,4.7,open,22,20000,"170 Lê Lợi, Phường Bến Nghé, Quận 1, TP. Hồ Chí Minh",10.778341,106.702005,19000,0.7002
item_026_003,Cơm cá basa sốt cà,59000,59000,3.9,3834,0,448,1,0,Cơm,shop_026,Cơm Văn Phòng Bento Việt,4.1,open,28,60000,"217 Phó Đức Chính, Phường Nguyễn Thái Bình, Quận 1, TP. Hồ Chí Minh",10.770796,106.698751,21000,0.6986
item_026_005,Combo cơm + canh + nước,79000,79000,3.9,2792,0,926,1,0,Combo,shop_026,Cơm Văn Phòng Bento Việt,4.1,open,28,60000,"217 Phó Đức Chính, Phường Nguyễn Thái Bình, Quận 1, TP. Hồ Chí Minh",10.770796,106.698751,21000,0.6986
item_010_006,Trà xanh Nhật,30000,30000,4.4,3468,0,377,1,0,Đồ uống,shop_010,Sushi Bento Tokyo,4.6,open,36,60000,"168 Hai Bà Trưng, Phường Bến Nghé, Quận 1, TP. Hồ Chí Minh",10.78321,106.705723,15000,0.698
item_036_006,Yogurt trái cây,39000,39000,4.3,1247,0,460,1,0,Tráng miệng,shop_036,Salad Stop Mini,4.3,open,18,50000,"24 Phan Bội Châu, Phường Bến Thành, Quận 1, TP. Hồ Chí Minh",10.772637,106.697942,19000,0.6942
item_042_005,Salad bắp cải,29000,29000,4.6,1087,0,616,1,1,Salad,shop_042,Bếp Nướng BBQ Express,4.8,open,18,60000,"40 Võ Thị Sáu, Phường Tân Định, Quận 1, TP. Hồ Chí Minh",10.794639,106.687784,20000,0.693
item_002_001,Bún bò Huế đặc biệt,65000,65000,4.2,3822,3,621,1,1,Bún,shop_002,Bún Bò Huế Cô Mai,4.1,open,34,50000,"Hẻm 207/190 Nguyễn Đình Chiểu, Phường Đa Kao, Quận 1, TP. Hồ Chí Minh",10.790668,106.69868,17000,0.6929
item_002_003,Bún bò giò heo,58000,58000,4.2,3363,3,683,1,0,Bún,shop_002,Bún Bò Huế Cô Mai,4.1,open,34,50000,"Hẻm 207/190 Nguyễn Đình Chiểu, Phường Đa Kao, Quận 1, TP. Hồ Chí Minh",10.790668,106.69868,17000,0.6929
item_013_003,Bánh bao kim sa,49000,49000,4.3,2321,0,372,1,0,Dimsum,shop_013,Dimsum Hồng Kông Express,4.4,open,36,30000,"87 Lý Tự Trọng, Phường Bến Thành, Quận 1, TP. Hồ Chí Minh",10.770486,106.698337,8000,0.691
item_028_001,Croissant trứng phô mai,59000,59000,4.7,1627,0,576,1,1,Brunch,shop_028,Cà Phê Sáng & Brunch,4.7,open,37,25000,"43 Nguyễn Văn Thủ, Phường Đa Kao, Quận 1, TP. Hồ Chí Minh",10.792032,106.699618,20000,0.6905
item_032_002,Miso ramen cay,95000,95000,4.4,1379,3,429,1,0,Ramen,shop_032,Ramen Ichiban,4.6,open,25,25000,"83 Phan Bội Châu, Phường Bến Thành, Quận 1, TP. Hồ Chí Minh",10.772708,106.702298,21000,0.6884
item_002_006,Nước sâm,18000,18000,4.1,3647,0,290,1,0,Đồ uống,shop_002,Bún Bò Huế Cô Mai,4.1,open,34,50000,"Hẻm 207/190 Nguyễn Đình Chiểu, Phường Đa Kao, Quận 1, TP. Hồ Chí Minh",10.790668,106.69868,17000,0.6859
item_032_004,Gyoza chiên,59000,59000,4.7,1201,0,850,1,0,Ăn vặt,shop_032,Ramen Ichiban,4.6,open,25,25000,"83 Phan Bội Châu, Phường Bến Thành, Quận 1, TP. Hồ Chí Minh",10.772708,106.702298,21000,0.6847
item_031_003,Cơm gà kho sả,59000,59000,4.4,1501,2,556,1,1,Cơm,shop_031,Bếp Mẹ Nấu,4.4,open,30,60000,"Hẻm 138/138 Cô Bắc, Phường Cầu Ông Lãnh, Quận 1, TP. Hồ Chí Minh",10.76508,106.692608,17000,0.6831
item_010_004,Donburi bò Gyudon,99000,84000,4.7,820,0,590,1,0,Cơm,shop_010,Sushi Bento Tokyo,4.6,open,36,60000,"168 Hai Bà Trưng, Phường Bến Nghé, Quận 1, TP. Hồ Chí Minh",10.78321,106.705723,15000,0.6829
item_008_002,Bún nem nướng,59000,56000,4.7,712,0,655,1,0,Bún,shop_008,Bún Thịt Nướng An Nhiên,4.5,open,33,30000,"197 Trần Đình Xu, Phường Nguyễn Cư Trinh, Quận 1, TP. Hồ Chí Minh",10.760948,106.688016,21000,0.6812
item_001_006,Trà tắc,18000,18000,4.1,3885,0,175,1,0,Đồ uống,shop_001,Cơm Tấm Ba Ghiền Q1,4.1,open,36,25000,"94 Phan Bội Châu, Phường Bến Thành, Quận 1, TP. Hồ Chí Minh",10.774997,106.697233,9000,0.677
item_006_005,Sữa đậu nành,15000,15000,4.1,3998,0,369,1,0,Đồ uống,shop_006,Bánh Mì Cô Lan,4.2,open,36,50000,"197 Võ Thị Sáu, Phường Tân Định, Quận 1, TP. Hồ Chí Minh",10.794637,106.693534,16000,0.677
item_029_001,Mì Quảng gà,59000,59000,4.1,3356,1,606,1,1,Mì,shop_029,Mì Quảng Hội An,4.2,open,36,20000,"139 Cống Quỳnh, Phường Nguyễn Cư Trinh, Quận 1, TP. Hồ Chí Minh",10.76437,106.689562,14000,0.677
item_005_002,Mì cay bò Mỹ cấp độ 1,65000,62000,4.4,756,2,861,1,0,Mì,shop_005,Mì Cay Sasin Mini Q1,4.3,open,31,25000,"39 Đề Thám, Phường Cầu Ông Lãnh, Quận 1, TP. Hồ Chí Minh",10.767938,106.693152,23000,0.6752
item_040_005,Nước mắm thêm,5000,5000,4.1,1143,0,290,1,0,Món thêm,shop_040,Bánh Xèo Miền Tây,4.3,open,16,50000,"51 Nguyễn Văn Cừ, Phường Cầu Kho, Quận 1, TP. Hồ Chí Minh",10.758987,106.691754,17000,0.6746
item_041_003,Sandwich gà pesto,69000,69000,4.8,783,0,880,1,0,Sandwich,shop_041,Sandwich Deli Corner,4.7,open,16,20000,"28 Mạc Thị Bưởi, Phường Bến Nghé, Quận 1, TP. Hồ Chí Minh",10.780991,106.706304,10000,0.6736
item_006_003,Bánh mì xíu mại,32000,29000,4.3,946,1,361,1,0,Bánh mì,shop_006,Bánh Mì Cô Lan,4.2,open,36,50000,"197 Võ Thị Sáu, Phường Tân Định, Quận 1, TP. Hồ Chí Minh",10.794637,106.693534,16000,0.6724
item_035_006,Lassi xoài,45000,45000,4.7,1130,0,272,1,0,Đồ uống,shop_035,Bếp Ấn Curry Corner,4.8,open,26,20000,"182 Lê Lợi, Phường Bến Nghé, Quận 1, TP. Hồ Chí Minh",10.776525,106.703176,21000,0.6704
item_032_005,Trứng ngâm tương thêm,15000,15000,4.7,1097,0,79,1,0,Món thêm,shop_032,Ramen Ichiban,4.6,open,25,25000,"83 Phan Bội Châu, Phường Bến Thành, Quận 1, TP. Hồ Chí Minh",10.772708,106.702298,21000,0.6703
item_029_006,Nước sả chanh,22000,22000,4.0,3169,0,410,1,0,Đồ uống,shop_029,Mì Quảng Hội An,4.2,open,36,20000,"139 Cống Quỳnh, Phường Nguyễn Cư Trinh, Quận 1, TP. Hồ Chí Minh",10.76437,106.689562,14000,0.67
item_034_005,Kimchi thêm,15000,14000,4.2,487,2,288,1,0,Món thêm,shop_034,Cơm Trộn Bibimbap House,4.2,open,21,60000,"62 Nguyễn Hữu Cầu, Phường Tân Định, Quận 1, TP. Hồ Chí Minh",10.792729,106.690306,25000,0.6683
item_027_004,Càng ghẹ rang me,119000,101000,4.0,2625,2,807,1,0,Hải sản,shop_027,Ốc Đêm Sài Gòn,4.2,busy,15,40000,"7 Trần Đình Xu, Phường Cầu Kho, Quận 1, TP. Hồ Chí Minh",10.759622,106.691541,23000,0.6633
item_038_001,Gỏi cuốn tôm thịt,39000,39000,4.2,1351,0,272,1,1,Cuốn,shop_038,Gỏi Cuốn Fresh Roll,4.2,open,27,25000,"120 Calmette, Phường Nguyễn Thái Bình, Quận 1, TP. Hồ Chí Minh",10.767466,106.698536,23000,0.6616
item_001_004,Cơm tấm chả cua,52000,52000,4.0,1728,0,420,1,0,Cơm,shop_001,Cơm Tấm Ba Ghiền Q1,4.1,open,36,25000,"94 Phan Bội Châu, Phường Bến Thành, Quận 1, TP. Hồ Chí Minh",10.774997,106.697233,9000,0.66
item_040_006,Nước dừa tươi,30000,30000,4.3,919,0,103,1,0,Đồ uống,shop_040,Bánh Xèo Miền Tây,4.3,open,16,50000,"51 Nguyễn Văn Cừ, Phường Cầu Kho, Quận 1, TP. Hồ Chí Minh",10.758987,106.691754,17000,0.6575
item_036_002,Salad cá ngừ bắp Mỹ,85000,72000,4.1,2308,0,522,0,0,Salad,shop_036,Salad Stop Mini,4.3,open,18,50000,"24 Phan Bội Châu, Phường Bến Thành, Quận 1, TP. Hồ Chí Minh",10.772637,106.697942,19000,0.657
item_039_003,Hủ tiếu mực,75000,64000,4.1,2834,0,702,1,0,Hủ tiếu,shop_039,Hủ Tiếu Nam Vang Tài Lộc,4.3,busy,18,25000,"121 Nguyễn Thái Học, Phường Cầu Ông Lãnh, Quận 1, TP. Hồ Chí Minh",10.765662,106.691617,29000,0.657
item_041_004,Soup cà chua,39000,33000,4.6,36,0,517,1,0,Súp,shop_041,Sandwich Deli Corner,4.7,open,16,20000,"28 Mạc Thị Bưởi, Phường Bến Nghé, Quận 1, TP. Hồ Chí Minh",10.780991,106.706304,10000,0.6559
item_016_002,Bún đậu thịt luộc,65000,65000,5.0,1059,0,611,1,0,Bún đậu,shop_016,Bún Đậu Mắm Tôm Hà Nội,4.9,open,32,40000,"Hẻm 77/190 Nguyễn Hữu Cầu, Phường Tân Định, Quận 1, TP. Hồ Chí Minh",10.789933,106.690592,11000,0.6549
item_015_006,Trà tắc mật ong,22000,21000,4.3,718,0,379,1,0,Đồ uống,shop_015,Cơm Gà Hải Nam Singapore,4.5,open,33,25000,"55 Mạc Thị Bưởi, Phường Bến Nghé, Quận 1, TP. Hồ Chí Minh",10.780757,106.707639,15000,0.6541
item_036_005,Nước ép cam cà rốt,45000,38000,4.4,188,0,186,1,0,Đồ uống,shop_036,Salad Stop Mini,4.3,open,18,50000,"24 Phan Bội Châu, Phường Bến Thành, Quận 1, TP. Hồ Chí Minh",10.772637,106.697942,19000,0.6541
item_015_003,Cơm gà xối mỡ,75000,68000,4.5,617,0,338,1,0,Cơm,shop_015,Cơm Gà Hải Nam Singapore,4.5,open,33,25000,"55 Mạc Thị Bưởi, Phường Bến Nghé, Quận 1, TP. Hồ Chí Minh",10.780757,106.707639,15000,0.654
item_033_002,Bún chả nem cua bể,79000,67000,4.4,1987,0,716,1,1,Bún,shop_033,Bún Chả Hà Nội 36,4.3,closed,25,50000,"53 Nguyễn Đình Chiểu, Phường Đa Kao, Quận 1, TP. Hồ Chí Minh",10.786403,106.695889,15000,0.6469
item_009_004,Mì Ý bò bằm,79000,79000,4.3,1038,0,413,1,0,Mì Ý,shop_009,Pizza Urban Slice,4.1,open,23,50000,"147 Đồng Khởi, Phường Bến Nghé, Quận 1, TP. Hồ Chí Minh",10.776256,106.702768,16000,0.6429
item_008_004,Gỏi cuốn tôm thịt,39000,39000,4.4,1303,0,555,1,0,Cuốn,shop_008,Bún Thịt Nướng An Nhiên,4.5,open,33,30000,"197 Trần Đình Xu, Phường Nguyễn Cư Trinh, Quận 1, TP. Hồ Chí Minh",10.760948,106.688016,21000,0.6423
item_044_004,Chả cá thêm,25000,25000,4.6,1068,0,223,1,0,Món thêm,shop_044,Bún Cá Nha Trang,4.8,open,29,30000,"16 Phó Đức Chính, Phường Nguyễn Thái Bình, Quận 1, TP. Hồ Chí Minh",10.765811,106.70282,19000,0.6414
item_005_003,Mì cay gà phô mai,67000,60000,4.1,649,3,513,1,0,Mì,shop_005,Mì Cay Sasin Mini Q1,4.3,open,31,25000,"39 Đề Thám, Phường Cầu Ông Lãnh, Quận 1, TP. Hồ Chí Minh",10.767938,106.693152,23000,0.6394
item_004_006,Nước ép cần tây táo,45000,38000,3.9,396,0,230,1,1,Đồ uống,shop_004,Healthy Bowl Saigon,4.1,open,20,25000,"46 Yersin, Phường Nguyễn Thái Bình, Quận 1, TP. Hồ Chí Minh",10.765494,106.699933,18000,0.6391
item_042_004,Combo nướng 2 người,199000,199000,4.9,538,2,1136,1,0,Combo,shop_042,Bếp Nướng BBQ Express,4.8,open,18,60000,"40 Võ Thị Sáu, Phường Tân Định, Quận 1, TP. Hồ Chí Minh",10.794639,106.687784,20000,0.6377
item_020_006,Rau má đậu xanh,25000,25000,4.3,855,0,325,1,0,Đồ uống,shop_020,Bánh Canh Cua 79,4.4,open,20,60000,"29 Mai Thị Lựu, Phường Đa Kao, Quận 1, TP. Hồ Chí Minh",10.785874,106.698586,13000,0.6309
item_012_002,Bún Huế chay,55000,52000,4.6,2071,2,593,1,0,Bún,shop_012,Bếp Chay Sen Vàng,4.4,busy,32,40000,"67 Mai Thị Lựu, Phường Đa Kao, Quận 1, TP. Hồ Chí Minh",10.790509,106.701512,16000,0.6298
item_030_001,Taco bò cay,69000,69000,4.5,1257,3,849,1,1,Taco,shop_030,Taco Fiesta,4.7,open,36,25000,"96 Đồng Khởi, Phường Bến Nghé, Quận 1, TP. Hồ Chí Minh",10.781699,106.7039,15000,0.6296
item_011_006,Nước tắc xí muội,25000,23000,4.1,177,0,301,1,1,Đồ uống,shop_011,Lẩu Mini Một Người,4.1,open,19,40000,"202 Nguyễn Văn Cừ, Phường Cầu Kho, Quận 1, TP. Hồ Chí Minh",10.756856,106.690981,17000,0.6271
item_029_004,Bánh tráng mè,10000,8000,4.3,619,0,203,1,0,Món thêm,shop_029,Mì Quảng Hội An,4.2,open,36,20000,"139 Cống Quỳnh, Phường Nguyễn Cư Trinh, Quận 1, TP. Hồ Chí Minh",10.76437,106.689562,14000,0.627
item_033_006,Trà quất,18000,15000,4.1,3607,0,136,1,0,Đồ uống,shop_033,Bún Chả Hà Nội 36,4.3,closed,25,50000,"53 Nguyễn Đình Chiểu, Phường Đa Kao, Quận 1, TP. Hồ Chí Minh",10.786403,106.695889,15000,0.6259
item_034_003,Bibimbap nấm chay,69000,66000,4.2,171,1,534,1,0,Cơm,shop_034,Cơm Trộn Bibimbap House,4.2,open,21,60000,"62 Nguyễn Hữu Cầu, Phường Tân Định, Quận 1, TP. Hồ Chí Minh",10.792729,106.690306,25000,0.6244
item_044_006,Nước nha đam,22000,22000,4.8,757,0,188,1,0,Đồ uống,shop_044,Bún Cá Nha Trang,4.8,open,29,30000,"16 Phó Đức Chính, Phường Nguyễn Thái Bình, Quận 1, TP. Hồ Chí Minh",10.765811,106.70282,19000,0.6122
item_008_005,Chả giò thêm,25000,23000,4.4,2974,0,186,0,0,Món thêm,shop_008,Bún Thịt Nướng An Nhiên,4.5,open,33,30000,"197 Trần Đình Xu, Phường Nguyễn Cư Trinh, Quận 1, TP. Hồ Chí Minh",10.760948,106.688016,21000,0.6113
item_020_002,Bánh canh giò heo,65000,55000,4.2,33,0,450,1,0,Bánh canh,shop_020,Bánh Canh Cua 79,4.4,open,20,60000,"29 Mai Thị Lựu, Phường Đa Kao, Quận 1, TP. Hồ Chí Minh",10.785874,106.698586,13000,0.6097
item_043_005,Chocolate muffin,35000,32000,4.5,3948,0,821,1,0,Bánh ngọt,shop_043,Bánh Ngọt Paris Mini,4.4,busy,35,50000,"71 Điện Biên Phủ, Phường Đa Kao, Quận 1, TP. Hồ Chí Minh",10.785488,106.700001,9000,0.6094
item_028_003,Pancake mật ong,65000,65000,4.7,1029,0,722,1,0,Tráng miệng,shop_028,Cà Phê Sáng & Brunch,4.7,open,37,25000,"43 Nguyễn Văn Thủ, Phường Đa Kao, Quận 1, TP. Hồ Chí Minh",10.792032,106.699618,20000,0.6075
item_013_006,Trà sữa Hồng Kông,35000,32000,4.2,519,0,299,1,0,Đồ uống,shop_013,Dimsum Hồng Kông Express,4.4,open,36,30000,"87 Lý Tự Trọng, Phường Bến Thành, Quận 1, TP. Hồ Chí Minh",10.770486,106.698337,8000,0.6061
item_037_005,Salad dầu giấm,25000,25000,4.5,666,0,427,1,1,Salad,shop_037,Bò Né 3 Ngon,4.3,open,23,20000,"Hẻm 67/195 Bùi Viện, Phường Nguyễn Cư Trinh, Quận 1, TP. Hồ Chí Minh",10.764737,106.68349,17000,0.6053
item_010_005,Miso soup,25000,25000,4.7,970,0,760,1,0,Canh,shop_010,Sushi Bento Tokyo,4.6,open,36,60000,"168 Hai Bà Trưng, Phường Bến Nghé, Quận 1, TP. Hồ Chí Minh",10.78321,106.705723,15000,0.6037
item_043_002,Cheesecake dâu,59000,50000,4.4,1975,0,666,1,0,Tráng miệng,shop_043,Bánh Ngọt Paris Mini,4.4,busy,35,50000,"71 Điện Biên Phủ, Phường Đa Kao, Quận 1, TP. Hồ Chí Minh",10.785488,106.700001,9000,0.6024
item_022_002,Mì trộn gà trứng,45000,45000,4.5,961,1,897,1,0,Mì,shop_022,Mì Trộn Indomie House,4.6,open,33,50000,"141 Cô Giang, Phường Cầu Ông Lãnh, Quận 1, TP. Hồ Chí Minh",10.764801,106.69773,15000,0.6018
item_013_001,Há cảo tôm,59000,59000,4.5,1048,0,748,1,1,Dimsum,shop_013,Dimsum Hồng Kông Express,4.4,open,36,30000,"87 Lý Tự Trọng, Phường Bến Thành, Quận 1, TP. Hồ Chí Minh",10.770486,106.698337,8000,0.6006
item_003_003,Cơm gà teriyaki,69000,69000,4.9,2886,0,426,1,0,Cơm,shop_003,Gà Rán Seoul Chicken,4.7,closed,21,40000,"170 Lê Lợi, Phường Bến Nghé, Quận 1, TP. Hồ Chí Minh",10.777832,106.700967,12000,0.5997
item_030_004,Nachos phô mai,59000,59000,4.6,991,1,771,1,1,Ăn vặt,shop_030,Taco Fiesta,4.7,open,36,25000,"96 Đồng Khởi, Phường Bến Nghé, Quận 1, TP. Hồ Chí Minh",10.781699,106.7039,15000,0.5996
item_007_004,Phở gà xé,52000,52000,4.8,3572,0,886,1,0,Phở,shop_007,Phở Bò Nam Định 24h,4.7,closed,20,60000,"220 Nguyễn Trung Trực, Phường Bến Thành, Quận 1, TP. Hồ Chí Minh",10.774813,106.695116,21000,0.5971
item_029_002,Mì Quảng tôm thịt,65000,58000,4.0,550,1,473,1,0,Mì,shop_029,Mì Quảng Hội An,4.2,open,36,20000,"139 Cống Quỳnh, Phường Nguyễn Cư Trinh, Quận 1, TP. Hồ Chí Minh",10.76437,106.689562,14000,0.5964
item_025_002,Beef kebab wrap,79000,79000,4.9,3073,1,444,0,0,Wrap,shop_025,Kebab & Wrap Corner,4.7,open,22,20000,"170 Lê Lợi, Phường Bến Nghé, Quận 1, TP. Hồ Chí Minh",10.778341,106.702005,19000,0.5952
item_001_001,Cơm tấm sườn bì chả,59000,59000,4.3,1107,0,341,1,1,Cơm,shop_001,Cơm Tấm Ba Ghiền Q1,4.1,open,36,25000,"94 Phan Bội Châu, Phường Bến Thành, Quận 1, TP. Hồ Chí Minh",10.774997,106.697233,9000,0.5948
item_025_003,Falafel wrap chay,65000,65000,4.9,351,0,259,1,0,Wrap,shop_025,Kebab & Wrap Corner,4.7,open,22,20000,"170 Lê Lợi, Phường Bến Nghé, Quận 1, TP. Hồ Chí Minh",10.778341,106.702005,19000,0.594
item_030_005,Guacamole chips,55000,55000,4.7,881,0,618,1,1,Ăn vặt,shop_030,Taco Fiesta,4.7,open,36,25000,"96 Đồng Khởi, Phường Bến Nghé, Quận 1, TP. Hồ Chí Minh",10.781699,106.7039,15000,0.5914
item_027_002,Nghêu hấp Thái,79000,79000,4.4,2421,3,455,0,0,Hải sản,shop_027,Ốc Đêm Sài Gòn,4.2,busy,15,40000,"7 Trần Đình Xu, Phường Cầu Kho, Quận 1, TP. Hồ Chí Minh",10.759622,106.691541,23000,0.5913
item_027_003,Sò điệp nướng mỡ hành,89000,89000,4.4,3706,1,371,1,0,Hải sản,shop_027,Ốc Đêm Sài Gòn,4.2,busy,15,40000,"7 Trần Đình Xu, Phường Cầu Kho, Quận 1, TP. Hồ Chí Minh",10.759622,106.691541,23000,0.5913
item_031_005,Canh bí đỏ thịt bằm,30000,27000,4.3,148,0,888,1,0,Canh,shop_031,Bếp Mẹ Nấu,4.4,open,30,60000,"Hẻm 138/138 Cô Bắc, Phường Cầu Ông Lãnh, Quận 1, TP. Hồ Chí Minh",10.76508,106.692608,17000,0.5882
item_003_001,Gà rán sốt cay Hàn Quốc,89000,89000,4.7,3027,4,885,1,1,Gà rán,shop_003,Gà Rán Seoul Chicken,4.7,closed,21,40000,"170 Lê Lợi, Phường Bến Nghé, Quận 1, TP. Hồ Chí Minh",10.777832,106.700967,12000,0.5857
item_027_001,Ốc hương rang muối ớt,99000,99000,4.3,2673,4,682,1,1,Ốc,shop_027,Ốc Đêm Sài Gòn,4.2,busy,15,40000,"7 Trần Đình Xu, Phường Cầu Kho, Quận 1, TP. Hồ Chí Minh",10.759622,106.691541,23000,0.5843
item_007_003,Phở đặc biệt,75000,75000,4.6,2953,0,756,1,1,Phở,shop_007,Phở Bò Nam Định 24h,4.7,closed,20,60000,"220 Nguyễn Trung Trực, Phường Bến Thành, Quận 1, TP. Hồ Chí Minh",10.774813,106.695116,21000,0.5831
item_017_002,Trà sữa ô long kem cheese,49000,49000,4.6,3171,0,61,0,1,Trà sữa,shop_017,Trà Sữa Moon Tea,4.7,open,20,30000,"97 Lê Thánh Tôn, Phường Bến Thành, Quận 1, TP. Hồ Chí Minh",10.775029,106.695009,19000,0.5831
item_020_005,Bánh quẩy,12000,12000,4.5,409,0,169,1,1,Món thêm,shop_020,Bánh Canh Cua 79,4.4,open,20,60000,"29 Mai Thị Lựu, Phường Đa Kao, Quận 1, TP. Hồ Chí Minh",10.785874,106.698586,13000,0.5829
item_041_002,Sandwich tuna mayo,65000,65000,4.6,218,0,789,1,0,Sandwich,shop_041,Sandwich Deli Corner,4.7,open,16,20000,"28 Mạc Thị Bưởi, Phường Bến Nghé, Quận 1, TP. Hồ Chí Minh",10.780991,106.706304,10000,0.5812
item_003_002,Gà không xương sốt mật ong,85000,85000,4.6,3373,0,655,1,0,Gà rán,shop_003,Gà Rán Seoul Chicken,4.7,closed,21,40000,"170 Lê Lợi, Phường Bến Nghé, Quận 1, TP. Hồ Chí Minh",10.777832,106.700967,12000,0.5787
item_039_006,Sâm lạnh,18000,18000,4.4,2770,0,211,1,0,Đồ uống,shop_039,Hủ Tiếu Nam Vang Tài Lộc,4.3,busy,18,25000,"121 Nguyễn Thái Học, Phường Cầu Ông Lãnh, Quận 1, TP. Hồ Chí Minh",10.765662,106.691617,29000,0.578
item_044_005,Rau sống thêm,8000,8000,4.6,610,0,231,1,1,Món thêm,shop_044,Bún Cá Nha Trang,4.8,open,29,30000,"16 Phó Đức Chính, Phường Nguyễn Thái Bình, Quận 1, TP. Hồ Chí Minh",10.765811,106.70282,19000,0.5778
item_027_005,Bánh mì chấm sốt,10000,10000,4.2,3799,0,251,1,0,Món thêm,shop_027,Ốc Đêm Sài Gòn,4.2,busy,15,40000,"7 Trần Đình Xu, Phường Cầu Kho, Quận 1, TP. Hồ Chí Minh",10.759622,106.691541,23000,0.5773
item_027_006,Nước ngọt lon,18000,18000,4.2,2100,0,60,1,1,Đồ uống,shop_027,Ốc Đêm Sài Gòn,4.2,busy,15,40000,"7 Trần Đình Xu, Phường Cầu Kho, Quận 1, TP. Hồ Chí Minh",10.759622,106.691541,23000,0.5773
item_007_002,Phở bò chín,55000,55000,4.5,2687,0,758,1,0,Phở,shop_007,Phở Bò Nam Định 24h,4.7,closed,20,60000,"220 Nguyễn Trung Trực, Phường Bến Thành, Quận 1, TP. Hồ Chí Minh",10.774813,106.695116,21000,0.5761
item_030_006,Lemon soda,30000,28000,4.6,96,0,162,1,1,Đồ uống,shop_030,Taco Fiesta,4.7,open,36,25000,"96 Đồng Khởi, Phường Bến Nghé, Quận 1, TP. Hồ Chí Minh",10.781699,106.7039,15000,0.5753
item_021_004,Gỏi xoài cá trê,85000,85000,4.6,154,2,861,1,0,Gỏi,shop_021,Bếp Thái Tuk Tuk,4.7,open,16,30000,"146 Nguyễn Huệ, Phường Bến Nghé, Quận 1, TP. Hồ Chí Minh",10.782896,106.703009,21000,0.5723
item_039_004,Súp xí quách,59000,59000,4.3,2712,0,914,1,0,Súp,shop_039,Hủ Tiếu Nam Vang Tài Lộc,4.3,busy,18,25000,"121 Nguyễn Thái Học, Phường Cầu Ông Lãnh, Quận 1, TP. Hồ Chí Minh",10.765662,106.691617,29000,0.571
item_026_001,Cơm gà sốt tiêu đen,59000,59000,3.9,881,1,640,1,1,Cơm,shop_026,Cơm Văn Phòng Bento Việt,4.1,open,28,60000,"217 Phó Đức Chính, Phường Nguyễn Thái Bình, Quận 1, TP. Hồ Chí Minh",10.770796,106.698751,21000,0.5709
item_031_006,Trà atiso,20000,20000,4.2,701,0,260,1,0,Đồ uống,shop_031,Bếp Mẹ Nấu,4.4,open,30,60000,"Hẻm 138/138 Cô Bắc, Phường Cầu Ông Lãnh, Quận 1, TP. Hồ Chí Minh",10.76508,106.692608,17000,0.558
item_039_002,Hủ tiếu khô xá xíu,65000,65000,4.1,3541,0,709,1,0,Hủ tiếu,shop_039,Hủ Tiếu Nam Vang Tài Lộc,4.3,busy,18,25000,"121 Nguyễn Thái Học, Phường Cầu Ông Lãnh, Quận 1, TP. Hồ Chí Minh",10.765662,106.691617,29000,0.557
item_029_005,Ram cuốn cải,39000,33000,4.3,101,0,322,1,0,Cuốn,shop_029,Mì Quảng Hội An,4.2,open,36,20000,"139 Cống Quỳnh, Phường Nguyễn Cư Trinh, Quận 1, TP. Hồ Chí Minh",10.76437,106.689562,14000,0.555
item_007_006,Trà đá,8000,8000,4.6,1581,0,123,1,0,Đồ uống,shop_007,Phở Bò Nam Định 24h,4.7,closed,20,60000,"220 Nguyễn Trung Trực, Phường Bến Thành, Quận 1, TP. Hồ Chí Minh",10.774813,106.695116,21000,0.5527
item_009_001,Pizza pepperoni size M,129000,129000,4.0,523,1,857,1,1,Pizza,shop_009,Pizza Urban Slice,4.1,open,23,50000,"147 Đồng Khởi, Phường Bến Nghé, Quận 1, TP. Hồ Chí Minh",10.776256,106.702768,16000,0.5504
item_014_001,Burger bò phô mai,79000,79000,4.5,3457,0,700,1,1,Burger,shop_014,Burger Station Q1,4.3,busy,26,20000,"48 Phó Đức Chính, Phường Nguyễn Thái Bình, Quận 1, TP. Hồ Chí Minh",10.767906,106.703311,14000,0.5494
item_003_004,Khoai tây lắc phô mai,39000,37000,4.7,781,0,594,1,0,Ăn vặt,shop_003,Gà Rán Seoul Chicken,4.7,closed,21,40000,"170 Lê Lợi, Phường Bến Nghé, Quận 1, TP. Hồ Chí Minh",10.777832,106.700967,12000,0.5441
item_022_003,Mì trộn hải sản,59000,59000,4.4,576,2,328,1,0,Mì,shop_022,Mì Trộn Indomie House,4.6,open,33,50000,"141 Cô Giang, Phường Cầu Ông Lãnh, Quận 1, TP. Hồ Chí Minh",10.764801,106.69773,15000,0.5413
item_023_006,Sữa mè đen,18000,18000,4.4,178,0,90,1,0,Đồ uống,shop_023,Xôi Mặn Cô Ba,4.3,open,22,50000,"152 Trương Định, Phường Bến Thành, Quận 1, TP. Hồ Chí Minh",10.77087,106.695812,22000,0.5349
item_033_004,Nem cua bể thêm,35000,35000,4.2,2047,0,96,1,0,Món thêm,shop_033,Bún Chả Hà Nội 36,4.3,closed,25,50000,"53 Nguyễn Đình Chiểu, Phường Đa Kao, Quận 1, TP. Hồ Chí Minh",10.786403,106.695889,15000,0.5329
item_020_003,Bánh canh tôm thịt,69000,69000,4.2,174,1,868,1,0,Bánh canh,shop_020,Bánh Canh Cua 79,4.4,open,20,60000,"29 Mai Thị Lựu, Phường Đa Kao, Quận 1, TP. Hồ Chí Minh",10.785874,106.698586,13000,0.5293
item_003_006,Combo gà 2 người,159000,159000,4.6,1413,2,744,1,1,Combo,shop_003,Gà Rán Seoul Chicken,4.7,closed,21,40000,"170 Lê Lợi, Phường Bến Nghé, Quận 1, TP. Hồ Chí Minh",10.777832,106.700967,12000,0.5249
item_014_002,Burger gà giòn,69000,69000,4.1,3908,1,1015,1,0,Burger,shop_014,Burger Station Q1,4.3,busy,26,20000,"48 Phó Đức Chính, Phường Nguyễn Thái Bình, Quận 1, TP. Hồ Chí Minh",10.767906,106.703311,14000,0.5214
item_014_004,Khoai tây chiên lớn,39000,39000,4.1,2437,0,370,1,0,Ăn vặt,shop_014,Burger Station Q1,4.3,busy,26,20000,"48 Phó Đức Chính, Phường Nguyễn Thái Bình, Quận 1, TP. Hồ Chí Minh",10.767906,106.703311,14000,0.5214
item_014_005,Combo burger bò,109000,109000,4.1,2080,0,796,0,0,Combo,shop_014,Burger Station Q1,4.3,busy,26,20000,"48 Phó Đức Chính, Phường Nguyễn Thái Bình, Quận 1, TP. Hồ Chí Minh",10.767906,106.703311,14000,0.5214
item_024_002,Bún riêu ốc,59000,59000,4.5,378,1,840,1,0,Bún,shop_024,Bún Riêu Cua Đồng,4.4,open,33,60000,"Hẻm 46/181 Hai Bà Trưng, Phường Tân Định, Quận 1, TP. Hồ Chí Minh",10.795929,106.6893,22000,0.5208
item_008_003,Bún bò xào,62000,62000,4.6,308,0,879,1,0,Bún,shop_008,Bún Thịt Nướng An Nhiên,4.5,open,33,30000,"197 Trần Đình Xu, Phường Nguyễn Cư Trinh, Quận 1, TP. Hồ Chí Minh",10.760948,106.688016,21000,0.5181
item_007_005,Quẩy nóng,12000,12000,4.8,1226,0,62,1,0,Món thêm,shop_007,Phở Bò Nam Định 24h,4.7,closed,20,60000,"220 Nguyễn Trung Trực, Phường Bến Thành, Quận 1, TP. Hồ Chí Minh",10.774813,106.695116,21000,0.5174
item_012_001,Cơm chay thập cẩm,52000,52000,4.4,2640,0,621,1,1,Cơm,shop_012,Bếp Chay Sen Vàng,4.4,busy,32,40000,"67 Mai Thị Lựu, Phường Đa Kao, Quận 1, TP. Hồ Chí Minh",10.790509,106.701512,16000,0.5158
item_006_001,Bánh mì thịt nướng,30000,30000,4.1,630,1,543,1,1,Bánh mì,shop_006,Bánh Mì Cô Lan,4.2,open,36,50000,"197 Võ Thị Sáu, Phường Tân Định, Quận 1, TP. Hồ Chí Minh",10.794637,106.693534,16000,0.5145
item_025_004,Kebab plate bò,99000,99000,4.9,1191,1,829,0,0,Món chính,shop_025,Kebab & Wrap Corner,4.7,open,22,20000,"170 Lê Lợi, Phường Bến Nghé, Quận 1, TP. Hồ Chí Minh",10.778341,106.702005,19000,0.5106
item_014_003,Burger nấm chay,69000,59000,4.1,955,0,752,1,1,Burger,shop_014,Burger Station Q1,4.3,busy,26,20000,"48 Phó Đức Chính, Phường Nguyễn Thái Bình, Quận 1, TP. Hồ Chí Minh",10.767906,106.703311,14000,0.5041
item_012_005,Canh rong biển đậu hũ,35000,32000,4.4,982,0,588,1,0,Canh,shop_012,Bếp Chay Sen Vàng,4.4,busy,32,40000,"67 Mai Thị Lựu, Phường Đa Kao, Quận 1, TP. Hồ Chí Minh",10.790509,106.701512,16000,0.5022
item_012_004,Nấm kho tiêu,49000,49000,4.2,1772,1,559,1,0,Món chính,shop_012,Bếp Chay Sen Vàng,4.4,busy,32,40000,"67 Mai Thị Lựu, Phường Đa Kao, Quận 1, TP. Hồ Chí Minh",10.790509,106.701512,16000,0.4979
item_043_003,Croissant bơ,39000,39000,4.3,3364,0,689,1,0,Bánh ngọt,shop_043,Bánh Ngọt Paris Mini,4.4,busy,35,50000,"71 Điện Biên Phủ, Phường Đa Kao, Quận 1, TP. Hồ Chí Minh",10.785488,106.700001,9000,0.4954
item_015_001,Cơm gà Hải Nam,69000,69000,4.5,191,0,855,1,1,Cơm,shop_015,Cơm Gà Hải Nam Singapore,4.5,open,33,25000,"55 Mạc Thị Bưởi, Phường Bến Nghé, Quận 1, TP. Hồ Chí Minh",10.780757,106.707639,15000,0.4949
item_012_006,Sữa bắp,18000,18000,4.3,1660,0,210,1,1,Đồ uống,shop_012,Bếp Chay Sen Vàng,4.4,busy,32,40000,"67 Mai Thị Lựu, Phường Đa Kao, Quận 1, TP. Hồ Chí Minh",10.790509,106.701512,16000,0.4893
item_043_001,Tiramisu cup,55000,55000,4.2,2803,0,532,1,1,Tráng miệng,shop_043,Bánh Ngọt Paris Mini,4.4,busy,35,50000,"71 Điện Biên Phủ, Phường Đa Kao, Quận 1, TP. Hồ Chí Minh",10.785488,106.700001,9000,0.4884
item_043_006,Trà Earl Grey,45000,45000,4.2,2786,0,398,1,0,Đồ uống,shop_043,Bánh Ngọt Paris Mini,4.4,busy,35,50000,"71 Điện Biên Phủ, Phường Đa Kao, Quận 1, TP. Hồ Chí Minh",10.785488,106.700001,9000,0.4884
item_033_001,Bún chả đặc biệt,69000,66000,4.2,648,0,715,1,1,Bún,shop_033,Bún Chả Hà Nội 36,4.3,closed,25,50000,"53 Nguyễn Đình Chiểu, Phường Đa Kao, Quận 1, TP. Hồ Chí Minh",10.786403,106.695889,15000,0.4729
item_026_004,Cơm sườn ram mặn,62000,62000,3.9,164,0,439,1,1,Cơm,shop_026,Cơm Văn Phòng Bento Việt,4.1,open,28,60000,"217 Phó Đức Chính, Phường Nguyễn Thái Bình, Quận 1, TP. Hồ Chí Minh",10.770796,106.698751,21000,0.4713
item_013_005,Chân gà tàu xì,65000,65000,4.4,166,1,832,1,1,Dimsum,shop_013,Dimsum Hồng Kông Express,4.4,open,36,30000,"87 Lý Tự Trọng, Phường Bến Thành, Quận 1, TP. Hồ Chí Minh",10.770486,106.698337,8000,0.4711
item_033_005,Rau sống thêm,8000,7000,4.3,563,0,266,1,0,Món thêm,shop_033,Bún Chả Hà Nội 36,4.3,closed,25,50000,"53 Nguyễn Đình Chiểu, Phường Đa Kao, Quận 1, TP. Hồ Chí Minh",10.786403,106.695889,15000,0.4681
item_003_005,Tokbokki gà cay,59000,53000,4.8,110,3,653,1,0,Ăn vặt,shop_003,Gà Rán Seoul Chicken,4.7,closed,21,40000,"170 Lê Lợi, Phường Bến Nghé, Quận 1, TP. Hồ Chí Minh",10.777832,106.700967,12000,0.4579
item_002_004,Bún bò ít cay,50000,50000,4.0,1634,1,804,0,0,Bún,shop_002,Bún Bò Huế Cô Mai,4.1,open,34,50000,"Hẻm 207/190 Nguyễn Đình Chiểu, Phường Đa Kao, Quận 1, TP. Hồ Chí Minh",10.790668,106.69868,17000,0.4558
item_033_003,Bún chả thịt nướng,59000,59000,4.3,884,0,846,1,0,Bún,shop_033,Bún Chả Hà Nội 36,4.3,closed,25,50000,"53 Nguyễn Đình Chiểu, Phường Đa Kao, Quận 1, TP. Hồ Chí Minh",10.786403,106.695889,15000,0.4127
item_012_003,Gỏi cuốn chay,39000,39000,4.2,1064,0,334,1,0,Cuốn,shop_012,Bếp Chay Sen Vàng,4.4,busy,32,40000,"67 Mai Thị Lựu, Phường Đa Kao, Quận 1, TP. Hồ Chí Minh",10.790509,106.701512,16000,0.3996
item_043_004,Macaron set 4,69000,69000,4.6,955,0,767,1,0,Tráng miệng,shop_043,Bánh Ngọt Paris Mini,4.4,busy,35,50000,"71 Điện Biên Phủ, Phường Đa Kao, Quận 1, TP. Hồ Chí Minh",10.785488,106.700001,9000,0.3991
item_039_001,Hủ tiếu Nam Vang đặc biệt,69000,69000,4.2,548,0,858,1,1,Hủ tiếu,shop_039,Hủ Tiếu Nam Vang Tài Lộc,4.3,busy,18,25000,"121 Nguyễn Thái Học, Phường Cầu Ông Lãnh, Quận 1, TP. Hồ Chí Minh",10.765662,106.691617,29000,0.3901
item_034_001,Bibimbap bò trứng,79000,79000,4.4,489,2,640,0,1,Cơm,shop_034,Cơm Trộn Bibimbap House,4.2,open,21,60000,"62 Nguyễn Hữu Cầu, Phường Tân Định, Quận 1, TP. Hồ Chí Minh",10.792729,106.690306,25000,0.3826
item_017_004,Matcha latte,52000,52000,4.9,131,0,124,0,0,Trà sữa,shop_017,Trà Sữa Moon Tea,4.7,open,20,30000,"97 Lê Thánh Tôn, Phường Bến Thành, Quận 1, TP. Hồ Chí Minh",10.775029,106.695009,19000,0.3723
item_039_005,Hoành thánh thêm,25000,25000,4.4,207,0,246,1,0,Món thêm,shop_039,Hủ Tiếu Nam Vang Tài Lộc,4.3,busy,18,25000,"121 Nguyễn Thái Học, Phường Cầu Ông Lãnh, Quận 1, TP. Hồ Chí Minh",10.765662,106.691617,29000,0.3568
item_014_006,Soda chanh,25000,25000,4.2,562,0,184,1,0,Đồ uống,shop_014,Burger Station Q1,4.3,busy,26,20000,"48 Phó Đức Chính, Phường Nguyễn Thái Bình, Quận 1, TP. Hồ Chí Minh",10.767906,106.703311,14000,0.3565
