id,shop_id,category_id,name,description,base_price,sale_price,image_url,rating_avg,rating_count,sold_count,prepare_time_min,spicy_level,calories_estimate,portion_size,is_available,is_signature,is_combo,created_at,updated_at
item_001_001,shop_001,cat_001_01,Cơm tấm sườn bì chả,"Cơm tấm sườn bì chả tại Cơm Tấm Ba Ghiền Q1. Tags: no lâu, bán chạy, ăn trưa. Mức cay 0/5.",59000,,https://cdn.mock.local/items/item_001_001.jpg,4.3,790,1107,10,0,341,vừa,1,1,0,2023-09-09T12:00:00+07:00,2026-05-23T12:00:00+07:00
item_001_002,shop_001,cat_001_01,Cơm tấm sườn trứng,"Cơm tấm sườn trứng tại Cơm Tấm Ba Ghiền Q1. Tags: dễ ăn, ăn sáng, ăn trưa. Mức cay 0/5.",55000,50000,https://cdn.mock.local/items/item_001_002.jpg,3.9,1099,3114,16,0,787,1-2 người,1,0,0,2023-09-09T12:00:00+07:00,2026-05-23T12:00:00+07:00
item_001_003,shop_001,cat_001_01,Cơm tấm ba rọi nướng,"Cơm tấm ba rọi nướng tại Cơm Tấm Ba Ghiền Q1. Tags: đậm vị, no lâu. Mức cay 1/5.",62000,56000,https://cdn.mock.local/items/item_001_003.jpg,4.1,53,1450,7,1,328,1-2 người,1,0,0,2023-09-09T12:00:00+07:00,2026-05-23T12:00:00+07:00
item_001_004,shop_001,cat_001_01,Cơm tấm chả cua,"Cơm tấm chả cua tại Cơm Tấm Ba Ghiền Q1. Tags: món Việt, dễ ăn. Mức cay 0/5.",52000,,https://cdn.mock.local/items/item_001_004.jpg,4.0,925,1728,15,0,420,2 người,1,0,0,2023-09-09T12:00:00+07:00,2026-05-23T12:00:00+07:00
item_001_005,shop_001,cat_001_02,Canh khổ qua nhồi thịt,"Canh khổ qua nhồi thịt tại Cơm Tấm Ba Ghiền Q1. Tags: món phụ, ít dầu mỡ. Mức cay 0/5.",35000,32000,https://cdn.mock.local/items/item_001_005.jpg,4.0,685,1860,11,0,272,1-2 người,1,0,0,2023-09-09T12:00:00+07:00,2026-05-23T12:00:00+07:00
item_001_006,shop_001,cat_001_03,Trà tắc,"Trà tắc tại Cơm Tấm Ba Ghiền Q1. Tags: đồ uống, giải khát. Mức cay 0/5.",18000,,https://cdn.mock.local/items/item_001_006.jpg,4.1,1027,3885,12,0,175,1 người,1,0,0,2023-09-09T12:00:00+07:00,2026-05-23T12:00:00+07:00
item_002_001,shop_002,cat_002_01,Bún bò Huế đặc biệt,"Bún bò Huế đặc biệt tại Bún Bò Huế Cô Mai. Tags: món cay, đậm vị, bán chạy. Mức cay 3/5.",65000,,https://cdn.mock.local/items/item_002_001.jpg,4.2,293,3822,16,3,621,vừa,1,1,0,2024-11-17T12:00:00+07:00,2026-05-29T12:00:00+07:00
item_002_002,shop_002,cat_002_01,Bún bò tái,"Bún bò tái tại Bún Bò Huế Cô Mai. Tags: món nước, ăn sáng. Mức cay 2/5.",50000,46000,https://cdn.mock.local/items/item_002_002.jpg,3.9,147,1658,11,2,365,1-2 người,1,0,0,2024-11-17T12:00:00+07:00,2026-05-29T12:00:00+07:00
item_002_003,shop_002,cat_002_01,Bún bò giò heo,"Bún bò giò heo tại Bún Bò Huế Cô Mai. Tags: no lâu, đậm vị. Mức cay 3/5.",58000,,https://cdn.mock.local/items/item_002_003.jpg,4.2,154,3363,14,3,683,nhỏ,1,0,0,2024-11-17T12:00:00+07:00,2026-05-29T12:00:00+07:00
item_002_004,shop_002,cat_002_01,Bún bò ít cay,"Bún bò ít cay tại Bún Bò Huế Cô Mai. Tags: ít cay, dễ ăn. Mức cay 1/5.",50000,,https://cdn.mock.local/items/item_002_004.jpg,4.0,795,1634,15,1,804,nhỏ,0,0,0,2024-11-17T12:00:00+07:00,2026-05-29T12:00:00+07:00
item_002_005,shop_002,cat_002_02,Chả cua thêm,Chả cua thêm tại Bún Bò Huế Cô Mai. Tags: topping. Mức cay 0/5.,22000,19000,https://cdn.mock.local/items/item_002_005.jpg,4.1,247,1882,15,0,142,vừa,1,0,0,2024-11-17T12:00:00+07:00,2026-05-29T12:00:00+07:00
item_002_006,shop_002,cat_002_03,Nước sâm,"Nước sâm tại Bún Bò Huế Cô Mai. Tags: đồ uống, thanh mát. Mức cay 0/5.",18000,,https://cdn.mock.local/items/item_002_006.jpg,4.1,516,3647,20,0,290,vừa,1,0,0,2024-11-17T12:00:00+07:00,2026-05-29T12:00:00+07:00
item_003_001,shop_003,cat_003_01,Gà rán sốt cay Hàn Quốc,"Gà rán sốt cay Hàn Quốc tại Gà Rán Seoul Chicken. Tags: món cay, ăn nhóm, đậm vị. Mức cay 4/5.",89000,,https://cdn.mock.local/items/item_003_001.jpg,4.7,841,3027,24,4,885,2 người,1,1,0,2025-03-24T12:00:00+07:00,2026-05-29T12:00:00+07:00
item_003_002,shop_003,cat_003_01,Gà không xương sốt mật ong,"Gà không xương sốt mật ong tại Gà Rán Seoul Chicken. Tags: không cay, dễ ăn. Mức cay 0/5.",85000,,https://cdn.mock.local/items/item_003_002.jpg,4.6,1013,3373,27,0,655,2 người,1,0,0,2025-03-24T12:00:00+07:00,2026-05-29T12:00:00+07:00
item_003_003,shop_003,cat_003_02,Cơm gà teriyaki,"Cơm gà teriyaki tại Gà Rán Seoul Chicken. Tags: ăn trưa, no lâu. Mức cay 0/5.",69000,,https://cdn.mock.local/items/item_003_003.jpg,4.9,620,2886,23,0,426,1 người,1,0,0,2025-03-24T12:00:00+07:00,2026-05-29T12:00:00+07:00
item_003_004,shop_003,cat_003_03,Khoai tây lắc phô mai,"Khoai tây lắc phô mai tại Gà Rán Seoul Chicken. Tags: ăn vặt, béo. Mức cay 0/5.",39000,37000,https://cdn.mock.local/items/item_003_004.jpg,4.7,1134,781,28,0,594,1 người,1,0,0,2025-03-24T12:00:00+07:00,2026-05-29T12:00:00+07:00
item_003_005,shop_003,cat_003_03,Tokbokki gà cay,"Tokbokki gà cay tại Gà Rán Seoul Chicken. Tags: món Hàn, cay. Mức cay 3/5.",59000,53000,https://cdn.mock.local/items/item_003_005.jpg,4.8,579,110,21,3,653,2 người,1,0,0,2025-03-24T12:00:00+07:00,2026-05-29T12:00:00+07:00
item_003_006,shop_003,cat_003_04,Combo gà 2 người,"Combo gà 2 người tại Gà Rán Seoul Chicken. Tags: ăn nhóm, combo. Mức cay 2/5.",159000,,https://cdn.mock.local/items/item_003_006.jpg,4.6,316,1413,20,2,744,lớn,1,1,1,2025-03-24T12:00:00+07:00,2026-05-29T12:00:00+07:00
item_004_001,shop_004,cat_004_01,Ức gà quinoa bowl,"Ức gà quinoa bowl tại Healthy Bowl Saigon. Tags: healthy, protein cao, ít dầu mỡ. Mức cay 0/5.",89000,,https://cdn.mock.local/items/item_004_001.jpg,4.2,431,2205,6,0,393,2 người,1,1,0,2023-09-16T12:00:00+07:00,2026-05-18T12:00:00+07:00
item_004_002,shop_004,cat_004_02,Salad cá hồi sốt chanh dây,"Salad cá hồi sốt chanh dây tại Healthy Bowl Saigon. Tags: healthy, ít tinh bột. Mức cay 0/5.",109000,,https://cdn.mock.local/items/item_004_002.jpg,4.3,142,3911,14,0,322,lớn,1,0,0,2023-09-16T12:00:00+07:00,2026-05-18T12:00:00+07:00
item_004_003,shop_004,cat_004_01,Bowl bò áp chảo gạo lứt,"Bowl bò áp chảo gạo lứt tại Healthy Bowl Saigon. Tags: healthy, protein cao. Mức cay 0/5.",99000,84000,https://cdn.mock.local/items/item_004_003.jpg,4.1,409,1587,4,0,378,1 người,1,1,0,2023-09-16T12:00:00+07:00,2026-05-18T12:00:00+07:00
item_004_004,shop_004,cat_004_02,Salad đậu gà rau củ,"Salad đậu gà rau củ tại Healthy Bowl Saigon. Tags: chay, healthy. Mức cay 0/5.",79000,,https://cdn.mock.local/items/item_004_004.jpg,4.1,284,2255,15,0,345,2 người,1,0,0,2023-09-16T12:00:00+07:00,2026-05-18T12:00:00+07:00
item_004_005,shop_004,cat_004_03,Smoothie chuối bơ đậu phộng,"Smoothie chuối bơ đậu phộng tại Healthy Bowl Saigon. Tags: healthy, ăn nhẹ. Mức cay 0/5.",49000,42000,https://cdn.mock.local/items/item_004_005.jpg,4.3,179,3734,9,0,299,nhỏ,1,0,0,2023-09-16T12:00:00+07:00,2026-05-18T12:00:00+07:00
item_004_006,shop_004,cat_004_03,Nước ép cần tây táo,"Nước ép cần tây táo tại Healthy Bowl Saigon. Tags: detox, healthy. Mức cay 0/5.",45000,38000,https://cdn.mock.local/items/item_004_006.jpg,3.9,711,396,15,0,230,2 người,1,1,0,2023-09-16T12:00:00+07:00,2026-05-18T12:00:00+07:00
item_005_001,shop_005,cat_005_01,Mì cay hải sản cấp độ 3,"Mì cay hải sản cấp độ 3 tại Mì Cay Sasin Mini Q1. Tags: rất cay, hải sản, bán chạy. Mức cay 5/5.",69000,59000,https://cdn.mock.local/items/item_005_001.jpg,4.2,278,3851,20,5,527,1 người,1,1,0,2024-11-27T12:00:00+07:00,2026-05-31T12:00:00+07:00
item_005_002,shop_005,cat_005_01,Mì cay bò Mỹ cấp độ 1,"Mì cay bò Mỹ cấp độ 1 tại Mì Cay Sasin Mini Q1. Tags: vừa cay, ăn tối. Mức cay 2/5.",65000,62000,https://cdn.mock.local/items/item_005_002.jpg,4.4,35,756,19,2,861,2 người,1,0,0,2024-11-27T12:00:00+07:00,2026-05-31T12:00:00+07:00
item_005_003,shop_005,cat_005_01,Mì cay gà phô mai,"Mì cay gà phô mai tại Mì Cay Sasin Mini Q1. Tags: cay, béo. Mức cay 3/5.",67000,60000,https://cdn.mock.local/items/item_005_003.jpg,4.1,587,649,26,3,513,lớn,1,0,0,2024-11-27T12:00:00+07:00,2026-05-31T12:00:00+07:00
item_005_004,shop_005,cat_005_02,Tokbokki phô mai,"Tokbokki phô mai tại Mì Cay Sasin Mini Q1. Tags: ăn vặt, món Hàn. Mức cay 3/5.",59000,50000,https://cdn.mock.local/items/item_005_004.jpg,4.3,337,3844,18,3,533,nhỏ,1,0,0,2024-11-27T12:00:00+07:00,2026-05-31T12:00:00+07:00
item_005_005,shop_005,cat_005_02,Kimbap chiên,"Kimbap chiên tại Mì Cay Sasin Mini Q1. Tags: ăn vặt, dễ ăn. Mức cay 1/5.",45000,,https://cdn.mock.local/items/item_005_005.jpg,4.2,94,3250,28,1,496,lớn,1,0,0,2024-11-27T12:00:00+07:00,2026-05-31T12:00:00+07:00
item_005_006,shop_005,cat_005_03,Trà đào,Trà đào tại Mì Cay Sasin Mini Q1. Tags: đồ uống. Mức cay 0/5.,25000,21000,https://cdn.mock.local/items/item_005_006.jpg,4.2,74,3867,28,0,96,vừa,1,0,0,2024-11-27T12:00:00+07:00,2026-05-31T12:00:00+07:00
item_006_001,shop_006,cat_006_01,Bánh mì thịt nướng,"Bánh mì thịt nướng tại Bánh Mì Cô Lan. Tags: rẻ, ăn sáng, bán chạy. Mức cay 1/5.",30000,,https://cdn.mock.local/items/item_006_001.jpg,4.1,1118,630,7,1,543,lớn,1,1,0,2024-01-25T12:00:00+07:00,2026-05-16T12:00:00+07:00
item_006_002,shop_006,cat_006_01,Bánh mì chả cá,"Bánh mì chả cá tại Bánh Mì Cô Lan. Tags: rẻ, ăn sáng. Mức cay 1/5.",28000,25000,https://cdn.mock.local/items/item_006_002.jpg,4.2,772,3690,15,1,363,1 người,1,0,0,2024-01-25T12:00:00+07:00,2026-05-16T12:00:00+07:00
item_006_003,shop_006,cat_006_01,Bánh mì xíu mại,"Bánh mì xíu mại tại Bánh Mì Cô Lan. Tags: ăn sáng, đậm vị. Mức cay 1/5.",32000,29000,https://cdn.mock.local/items/item_006_003.jpg,4.3,125,946,14,1,361,1-2 người,1,0,0,2024-01-25T12:00:00+07:00,2026-05-16T12:00:00+07:00
item_006_004,shop_006,cat_006_01,Bánh mì ốp la pate,"Bánh mì ốp la pate tại Bánh Mì Cô Lan. Tags: ăn sáng, dễ ăn. Mức cay 0/5.",30000,26000,https://cdn.mock.local/items/item_006_004.jpg,4.2,856,1620,7,0,509,2 người,1,0,0,2024-01-25T12:00:00+07:00,2026-05-16T12:00:00+07:00
item_006_005,shop_006,cat_006_02,Sữa đậu nành,"Sữa đậu nành tại Bánh Mì Cô Lan. Tags: rẻ, đồ uống. Mức cay 0/5.",15000,,https://cdn.mock.local/items/item_006_005.jpg,4.1,1167,3998,16,0,369,vừa,1,0,0,2024-01-25T12:00:00+07:00,2026-05-16T12:00:00+07:00
item_006_006,shop_006,cat_006_02,Cà phê sữa đá,"Cà phê sữa đá tại Bánh Mì Cô Lan. Tags: đồ uống, cà phê. Mức cay 0/5.",22000,20000,https://cdn.mock.local/items/item_006_006.jpg,4.0,541,2404,11,0,370,vừa,1,0,0,2024-01-25T12:00:00+07:00,2026-05-16T12:00:00+07:00
item_007_001,shop_007,cat_007_01,Phở bò tái,"Phở bò tái tại Phở Bò Nam Định 24h. Tags: món nước, ăn sáng. Mức cay 0/5.",55000,52000,https://cdn.mock.local/items/item_007_001.jpg,4.9,415,2415,12,0,611,1-2 người,1,1,0,2025-05-27T12:00:00+07:00,2026-05-17T12:00:00+07:00
item_007_002,shop_007,cat_007_01,Phở bò chín,"Phở bò chín tại Phở Bò Nam Định 24h. Tags: dễ ăn, món nước. Mức cay 0/5.",55000,,https://cdn.mock.local/items/item_007_002.jpg,4.5,691,2687,14,0,758,lớn,1,0,0,2025-05-27T12:00:00+07:00,2026-05-17T12:00:00+07:00
item_007_003,shop_007,cat_007_01,Phở đặc biệt,"Phở đặc biệt tại Phở Bò Nam Định 24h. Tags: no lâu, bán chạy. Mức cay 0/5.",75000,,https://cdn.mock.local/items/item_007_003.jpg,4.6,374,2953,22,0,756,2 người,1,1,0,2025-05-27T12:00:00+07:00,2026-05-17T12:00:00+07:00
item_007_004,shop_007,cat_007_01,Phở gà xé,"Phở gà xé tại Phở Bò Nam Định 24h. Tags: dễ ăn, ăn sáng. Mức cay 0/5.",52000,,https://cdn.mock.local/items/item_007_004.jpg,4.8,332,3572,22,0,886,2 người,1,0,0,2025-05-27T12:00:00+07:00,2026-05-17T12:00:00+07:00
item_007_005,shop_007,cat_007_02,Quẩy nóng,Quẩy nóng tại Phở Bò Nam Định 24h. Tags: topping. Mức cay 0/5.,12000,,https://cdn.mock.local/items/item_007_005.jpg,4.8,178,1226,12,0,62,2 người,1,0,0,2025-05-27T12:00:00+07:00,2026-05-17T12:00:00+07:00
item_007_006,shop_007,cat_007_03,Trà đá,"Trà đá tại Phở Bò Nam Định 24h. Tags: rẻ, đồ uống. Mức cay 0/5.",8000,,https://cdn.mock.local/items/item_007_006.jpg,4.6,56,1581,16,0,123,1-2 người,1,0,0,2025-05-27T12:00:00+07:00,2026-05-17T12:00:00+07:00
item_008_001,shop_008,cat_008_01,Bún thịt nướng chả giò,"Bún thịt nướng chả giò tại Bún Thịt Nướng An Nhiên. Tags: bán chạy, ăn trưa. Mức cay 0/5.",55000,50000,https://cdn.mock.local/items/item_008_001.jpg,4.5,160,2253,26,0,377,2 người,1,1,0,2025-01-24T12:00:00+07:00,2026-05-27T12:00:00+07:00
item_008_002,shop_008,cat_008_01,Bún nem nướng,"Bún nem nướng tại Bún Thịt Nướng An Nhiên. Tags: đậm vị, dễ ăn. Mức cay 0/5.",59000,56000,https://cdn.mock.local/items/item_008_002.jpg,4.7,607,712,26,0,655,nhỏ,1,0,0,2025-01-24T12:00:00+07:00,2026-05-27T12:00:00+07:00
item_008_003,shop_008,cat_008_01,Bún bò xào,"Bún bò xào tại Bún Thịt Nướng An Nhiên. Tags: no lâu, ăn trưa. Mức cay 0/5.",62000,,https://cdn.mock.local/items/item_008_003.jpg,4.6,370,308,26,0,879,nhỏ,1,0,0,2025-01-24T12:00:00+07:00,2026-05-27T12:00:00+07:00
item_008_004,shop_008,cat_008_02,Gỏi cuốn tôm thịt,"Gỏi cuốn tôm thịt tại Bún Thịt Nướng An Nhiên. Tags: ăn nhẹ, ít dầu mỡ. Mức cay 0/5.",39000,,https://cdn.mock.local/items/item_008_004.jpg,4.4,69,1303,17,0,555,lớn,1,0,0,2025-01-24T12:00:00+07:00,2026-05-27T12:00:00+07:00
item_008_005,shop_008,cat_008_03,Chả giò thêm,"Chả giò thêm tại Bún Thịt Nướng An Nhiên. Tags: topping, giòn. Mức cay 0/5.",25000,23000,https://cdn.mock.local/items/item_008_005.jpg,4.4,727,2974,29,0,186,lớn,0,0,0,2025-01-24T12:00:00+07:00,2026-05-27T12:00:00+07:00
item_008_006,shop_008,cat_008_04,Nước mía,Nước mía tại Bún Thịt Nướng An Nhiên. Tags: đồ uống. Mức cay 0/5.,18000,,https://cdn.mock.local/items/item_008_006.jpg,4.5,174,3102,28,0,367,1 người,1,0,0,2025-01-24T12:00:00+07:00,2026-05-27T12:00:00+07:00
item_009_001,shop_009,cat_009_01,Pizza pepperoni size M,"Pizza pepperoni size M tại Pizza Urban Slice. Tags: ăn nhóm, bán chạy. Mức cay 1/5.",129000,,https://cdn.mock.local/items/item_009_001.jpg,4.0,220,523,16,1,857,2 người,1,1,0,2024-02-12T12:00:00+07:00,2026-05-28T12:00:00+07:00
item_009_002,shop_009,cat_009_01,Pizza hải sản size M,"Pizza hải sản size M tại Pizza Urban Slice. Tags: hải sản, ăn nhóm. Mức cay 1/5.",149000,,https://cdn.mock.local/items/item_009_002.jpg,4.3,662,2681,16,1,1040,2 người,1,0,0,2024-02-12T12:00:00+07:00,2026-05-28T12:00:00+07:00
item_009_003,shop_009,cat_009_01,Pizza bò BBQ size M,"Pizza bò BBQ size M tại Pizza Urban Slice. Tags: đậm vị, ăn tối. Mức cay 0/5.",139000,118000,https://cdn.mock.local/items/item_009_003.jpg,4.1,856,2371,22,0,756,nhỏ,1,0,0,2024-02-12T12:00:00+07:00,2026-05-28T12:00:00+07:00
item_009_004,shop_009,cat_009_02,Mì Ý bò bằm,"Mì Ý bò bằm tại Pizza Urban Slice. Tags: dễ ăn, no lâu. Mức cay 0/5.",79000,,https://cdn.mock.local/items/item_009_004.jpg,4.3,88,1038,25,0,413,lớn,1,0,0,2024-02-12T12:00:00+07:00,2026-05-28T12:00:00+07:00
item_009_005,shop_009,cat_009_03,Khoai tây chiên,Khoai tây chiên tại Pizza Urban Slice. Tags: ăn vặt. Mức cay 0/5.,39000,,https://cdn.mock.local/items/item_009_005.jpg,4.1,759,3648,18,0,710,nhỏ,1,0,0,2024-02-12T12:00:00+07:00,2026-05-28T12:00:00+07:00
item_009_006,shop_009,cat_009_04,Combo pizza 2 người,"Combo pizza 2 người tại Pizza Urban Slice. Tags: combo, ăn nhóm. Mức cay 1/5.",199000,169000,https://cdn.mock.local/items/item_009_006.jpg,3.9,249,3584,19,1,959,1 người,1,0,1,2024-02-12T12:00:00+07:00,2026-05-28T12:00:00+07:00
item_010_001,shop_010,cat_010_01,Bento cá hồi teriyaki,"Bento cá hồi teriyaki tại Sushi Bento Tokyo. Tags: ăn trưa, cao cấp. Mức cay 0/5.",119000,109000,https://cdn.mock.local/items/item_010_001.jpg,4.8,518,1770,23,0,853,nhỏ,1,1,0,2023-05-28T12:00:00+07:00,2026-05-19T12:00:00+07:00
item_010_002,shop_010,cat_010_02,Sushi cá hồi set 8 miếng,"Sushi cá hồi set 8 miếng tại Sushi Bento Tokyo. Tags: tươi, cao cấp. Mức cay 0/5.",139000,,https://cdn.mock.local/items/item_010_002.jpg,4.6,1184,3207,22,0,411,1 người,1,1,0,2023-05-28T12:00:00+07:00,2026-05-19T12:00:00+07:00
item_010_003,shop_010,cat_010_02,Cơm cuộn California,"Cơm cuộn California tại Sushi Bento Tokyo. Tags: dễ ăn, món Nhật. Mức cay 0/5.",89000,,https://cdn.mock.local/items/item_010_003.jpg,4.6,664,3520,14,0,720,vừa,1,0,0,2023-05-28T12:00:00+07:00,2026-05-19T12:00:00+07:00
item_010_004,shop_010,cat_010_03,Donburi bò Gyudon,"Donburi bò Gyudon tại Sushi Bento Tokyo. Tags: no lâu, ăn trưa. Mức cay 0/5.",99000,84000,https://cdn.mock.local/items/item_010_004.jpg,4.7,943,820,20,0,590,vừa,1,0,0,2023-05-28T12:00:00+07:00,2026-05-19T12:00:00+07:00
item_010_005,shop_010,cat_010_04,Miso soup,Miso soup tại Sushi Bento Tokyo. Tags: món phụ. Mức cay 0/5.,25000,,https://cdn.mock.local/items/item_010_005.jpg,4.7,647,970,22,0,760,nhỏ,1,0,0,2023-05-28T12:00:00+07:00,2026-05-19T12:00:00+07:00
item_010_006,shop_010,cat_010_05,Trà xanh Nhật,Trà xanh Nhật tại Sushi Bento Tokyo. Tags: đồ uống. Mức cay 0/5.,30000,,https://cdn.mock.local/items/item_010_006.jpg,4.4,1035,3468,15,0,377,2 người,1,0,0,2023-05-28T12:00:00+07:00,2026-05-19T12:00:00+07:00
item_011_001,shop_011,cat_011_01,Lẩu Thái hải sản mini,"Lẩu Thái hải sản mini tại Lẩu Mini Một Người. Tags: cay, hải sản, ăn tối. Mức cay 4/5.",99000,,https://cdn.mock.local/items/item_011_001.jpg,3.9,127,3610,8,4,589,vừa,1,1,0,2025-03-14T12:00:00+07:00,2026-05-19T12:00:00+07:00
item_011_002,shop_011,cat_011_01,Lẩu bò sa tế mini,"Lẩu bò sa tế mini tại Lẩu Mini Một Người. Tags: cay, no lâu. Mức cay 3/5.",95000,,https://cdn.mock.local/items/item_011_002.jpg,4.0,672,2837,20,3,325,vừa,1,0,0,2025-03-14T12:00:00+07:00,2026-05-19T12:00:00+07:00
item_011_003,shop_011,cat_011_01,Lẩu nấm chay mini,"Lẩu nấm chay mini tại Lẩu Mini Một Người. Tags: chay, healthy. Mức cay 1/5.",85000,,https://cdn.mock.local/items/item_011_003.jpg,4.1,462,2129,18,1,460,nhỏ,1,0,0,2025-03-14T12:00:00+07:00,2026-05-19T12:00:00+07:00
item_011_004,shop_011,cat_011_02,Mì thêm,Mì thêm tại Lẩu Mini Một Người. Tags: topping. Mức cay 0/5.,12000,,https://cdn.mock.local/items/item_011_004.jpg,4.2,263,2000,9,0,208,1-2 người,1,0,0,2025-03-14T12:00:00+07:00,2026-05-19T12:00:00+07:00
item_011_005,shop_011,cat_011_02,Rau nấm thêm,"Rau nấm thêm tại Lẩu Mini Một Người. Tags: healthy, topping. Mức cay 0/5.",25000,24000,https://cdn.mock.local/items/item_011_005.jpg,4.3,54,3169,12,0,163,nhỏ,1,0,0,2025-03-14T12:00:00+07:00,2026-05-19T12:00:00+07:00
item_011_006,shop_011,cat_011_03,Nước tắc xí muội,Nước tắc xí muội tại Lẩu Mini Một Người. Tags: đồ uống. Mức cay 0/5.,25000,23000,https://cdn.mock.local/items/item_011_006.jpg,4.1,486,177,15,0,301,vừa,1,1,0,2025-03-14T12:00:00+07:00,2026-05-19T12:00:00+07:00
item_012_001,shop_012,cat_012_01,Cơm chay thập cẩm,"Cơm chay thập cẩm tại Bếp Chay Sen Vàng. Tags: chay, ăn trưa. Mức cay 0/5.",52000,,https://cdn.mock.local/items/item_012_001.jpg,4.4,378,2640,22,0,621,vừa,1,1,0,2025-05-06T12:00:00+07:00,2026-05-23T12:00:00+07:00
item_012_002,shop_012,cat_012_02,Bún Huế chay,"Bún Huế chay tại Bếp Chay Sen Vàng. Tags: chay, món nước. Mức cay 2/5.",55000,52000,https://cdn.mock.local/items/item_012_002.jpg,4.6,112,2071,16,2,593,1 người,1,0,0,2025-05-06T12:00:00+07:00,2026-05-23T12:00:00+07:00
item_012_003,shop_012,cat_012_03,Gỏi cuốn chay,"Gỏi cuốn chay tại Bếp Chay Sen Vàng. Tags: chay, ăn nhẹ. Mức cay 0/5.",39000,,https://cdn.mock.local/items/item_012_003.jpg,4.2,514,1064,28,0,334,2 người,1,0,0,2025-05-06T12:00:00+07:00,2026-05-23T12:00:00+07:00
item_012_004,shop_012,cat_012_04,Nấm kho tiêu,"Nấm kho tiêu tại Bếp Chay Sen Vàng. Tags: đậm vị, chay. Mức cay 1/5.",49000,,https://cdn.mock.local/items/item_012_004.jpg,4.2,657,1772,18,1,559,2 người,1,0,0,2025-05-06T12:00:00+07:00,2026-05-23T12:00:00+07:00
item_012_005,shop_012,cat_012_05,Canh rong biển đậu hũ,"Canh rong biển đậu hũ tại Bếp Chay Sen Vàng. Tags: ít dầu mỡ, chay. Mức cay 0/5.",35000,32000,https://cdn.mock.local/items/item_012_005.jpg,4.4,87,982,22,0,588,2 người,1,0,0,2025-05-06T12:00:00+07:00,2026-05-23T12:00:00+07:00
item_012_006,shop_012,cat_012_06,Sữa bắp,Sữa bắp tại Bếp Chay Sen Vàng. Tags: đồ uống. Mức cay 0/5.,18000,,https://cdn.mock.local/items/item_012_006.jpg,4.3,465,1660,17,0,210,2 người,1,1,0,2025-05-06T12:00:00+07:00,2026-05-23T12:00:00+07:00
item_013_001,shop_013,cat_013_01,Há cảo tôm,"Há cảo tôm tại Dimsum Hồng Kông Express. Tags: hải sản, bán chạy. Mức cay 0/5.",59000,,https://cdn.mock.local/items/item_013_001.jpg,4.5,79,1048,18,0,748,nhỏ,1,1,0,2025-08-15T12:00:00+07:00,2026-05-30T12:00:00+07:00
item_013_002,shop_013,cat_013_01,Xíu mại thịt cua,"Xíu mại thịt cua tại Dimsum Hồng Kông Express. Tags: món Hoa, đậm vị. Mức cay 0/5.",62000,56000,https://cdn.mock.local/items/item_013_002.jpg,4.4,113,3698,21,0,703,nhỏ,1,0,0,2025-08-15T12:00:00+07:00,2026-05-30T12:00:00+07:00
item_013_003,shop_013,cat_013_01,Bánh bao kim sa,"Bánh bao kim sa tại Dimsum Hồng Kông Express. Tags: ngọt nhẹ, ăn nhẹ. Mức cay 0/5.",49000,,https://cdn.mock.local/items/item_013_003.jpg,4.3,108,2321,21,0,372,2 người,1,0,0,2025-08-15T12:00:00+07:00,2026-05-30T12:00:00+07:00
item_013_004,shop_013,cat_013_02,Mì hoành thánh xá xíu,"Mì hoành thánh xá xíu tại Dimsum Hồng Kông Express. Tags: món nước, no lâu. Mức cay 0/5.",69000,66000,https://cdn.mock.local/items/item_013_004.jpg,4.5,221,1595,21,0,385,1-2 người,1,0,0,2025-08-15T12:00:00+07:00,2026-05-30T12:00:00+07:00
item_013_005,shop_013,cat_013_01,Chân gà tàu xì,Chân gà tàu xì tại Dimsum Hồng Kông Express. Tags: đậm vị. Mức cay 1/5.,65000,,https://cdn.mock.local/items/item_013_005.jpg,4.4,251,166,25,1,832,nhỏ,1,1,0,2025-08-15T12:00:00+07:00,2026-05-30T12:00:00+07:00
item_013_006,shop_013,cat_013_03,Trà sữa Hồng Kông,Trà sữa Hồng Kông tại Dimsum Hồng Kông Express. Tags: đồ uống. Mức cay 0/5.,35000,32000,https://cdn.mock.local/items/item_013_006.jpg,4.2,236,519,20,0,299,1 người,1,0,0,2025-08-15T12:00:00+07:00,2026-05-30T12:00:00+07:00
item_014_001,shop_014,cat_014_01,Burger bò phô mai,"Burger bò phô mai tại Burger Station Q1. Tags: bán chạy, no lâu. Mức cay 0/5.",79000,,https://cdn.mock.local/items/item_014_001.jpg,4.5,188,3457,26,0,700,1-2 người,1,1,0,2024-04-06T12:00:00+07:00,2026-05-27T12:00:00+07:00
item_014_002,shop_014,cat_014_01,Burger gà giòn,"Burger gà giòn tại Burger Station Q1. Tags: giòn, dễ ăn. Mức cay 1/5.",69000,,https://cdn.mock.local/items/item_014_002.jpg,4.1,246,3908,15,1,1015,lớn,1,0,0,2024-04-06T12:00:00+07:00,2026-05-27T12:00:00+07:00
item_014_003,shop_014,cat_014_01,Burger nấm chay,"Burger nấm chay tại Burger Station Q1. Tags: chay, dễ ăn. Mức cay 0/5.",69000,59000,https://cdn.mock.local/items/item_014_003.jpg,4.1,328,955,20,0,752,1-2 người,1,1,0,2024-04-06T12:00:00+07:00,2026-05-27T12:00:00+07:00
item_014_004,shop_014,cat_014_02,Khoai tây chiên lớn,Khoai tây chiên lớn tại Burger Station Q1. Tags: ăn vặt. Mức cay 0/5.,39000,,https://cdn.mock.local/items/item_014_004.jpg,4.1,232,2437,22,0,370,2 người,1,0,0,2024-04-06T12:00:00+07:00,2026-05-27T12:00:00+07:00
item_014_005,shop_014,cat_014_03,Combo burger bò,"Combo burger bò tại Burger Station Q1. Tags: combo, ăn trưa. Mức cay 0/5.",109000,,https://cdn.mock.local/items/item_014_005.jpg,4.1,590,2080,14,0,796,nhỏ,0,0,1,2024-04-06T12:00:00+07:00,2026-05-27T12:00:00+07:00
item_014_006,shop_014,cat_014_04,Soda chanh,Soda chanh tại Burger Station Q1. Tags: đồ uống. Mức cay 0/5.,25000,,https://cdn.mock.local/items/item_014_006.jpg,4.2,268,562,23,0,184,nhỏ,1,0,0,2024-04-06T12:00:00+07:00,2026-05-27T12:00:00+07:00
item_015_001,shop_015,cat_015_01,Cơm gà Hải Nam,"Cơm gà Hải Nam tại Cơm Gà Hải Nam Singapore. Tags: dễ ăn, ăn trưa. Mức cay 0/5.",69000,,https://cdn.mock.local/items/item_015_001.jpg,4.5,438,191,14,0,855,1-2 người,1,1,0,2023-11-21T12:00:00+07:00,2026-05-19T12:00:00+07:00
item_015_002,shop_015,cat_015_01,Cơm gà quay mật ong,"Cơm gà quay mật ong tại Cơm Gà Hải Nam Singapore. Tags: đậm vị, no lâu. Mức cay 0/5.",79000,73000,https://cdn.mock.local/items/item_015_002.jpg,4.4,157,1496,14,0,327,lớn,1,1,0,2023-11-21T12:00:00+07:00,2026-05-19T12:00:00+07:00
item_015_003,shop_015,cat_015_01,Cơm gà xối mỡ,"Cơm gà xối mỡ tại Cơm Gà Hải Nam Singapore. Tags: giòn, ăn trưa. Mức cay 0/5.",75000,68000,https://cdn.mock.local/items/item_015_003.jpg,4.5,325,617,5,0,338,lớn,1,0,0,2023-11-21T12:00:00+07:00,2026-05-19T12:00:00+07:00
item_015_004,shop_015,cat_015_02,Gỏi gà xé phay,Gỏi gà xé phay tại Cơm Gà Hải Nam Singapore. Tags: ít dầu mỡ. Mức cay 0/5.,59000,54000,https://cdn.mock.local/items/item_015_004.jpg,4.3,84,2218,4,0,583,lớn,1,0,0,2023-11-21T12:00:00+07:00,2026-05-19T12:00:00+07:00
item_015_005,shop_015,cat_015_03,Canh cải thịt bằm,Canh cải thịt bằm tại Cơm Gà Hải Nam Singapore. Tags: món phụ. Mức cay 0/5.,30000,,https://cdn.mock.local/items/item_015_005.jpg,4.6,301,3931,15,0,357,lớn,1,0,0,2023-11-21T12:00:00+07:00,2026-05-19T12:00:00+07:00
item_015_006,shop_015,cat_015_04,Trà tắc mật ong,Trà tắc mật ong tại Cơm Gà Hải Nam Singapore. Tags: đồ uống. Mức cay 0/5.,22000,21000,https://cdn.mock.local/items/item_015_006.jpg,4.3,207,718,12,0,379,lớn,1,0,0,2023-11-21T12:00:00+07:00,2026-05-19T12:00:00+07:00
item_016_001,shop_016,cat_016_01,Bún đậu mẹt đầy đủ,"Bún đậu mẹt đầy đủ tại Bún Đậu Mắm Tôm Hà Nội. Tags: ăn nhóm, bán chạy. Mức cay 0/5.",89000,,https://cdn.mock.local/items/item_016_001.jpg,4.9,809,3641,21,0,578,1 người,1,1,0,2024-07-02T12:00:00+07:00,2026-05-19T12:00:00+07:00
item_016_002,shop_016,cat_016_01,Bún đậu thịt luộc,Bún đậu thịt luộc tại Bún Đậu Mắm Tôm Hà Nội. Tags: món Bắc. Mức cay 0/5.,65000,,https://cdn.mock.local/items/item_016_002.jpg,5.0,509,1059,14,0,611,1-2 người,1,0,0,2024-07-02T12:00:00+07:00,2026-05-19T12:00:00+07:00
item_016_003,shop_016,cat_016_01,Bún đậu chả cốm,Bún đậu chả cốm tại Bún Đậu Mắm Tôm Hà Nội. Tags: đậm vị. Mức cay 0/5.,69000,66000,https://cdn.mock.local/items/item_016_003.jpg,5.0,983,3171,19,0,657,lớn,1,1,0,2024-07-02T12:00:00+07:00,2026-05-19T12:00:00+07:00
item_016_004,shop_016,cat_016_02,Nem chua rán,Nem chua rán tại Bún Đậu Mắm Tôm Hà Nội. Tags: ăn vặt. Mức cay 0/5.,49000,,https://cdn.mock.local/items/item_016_004.jpg,5.0,932,2554,21,0,425,nhỏ,1,0,0,2024-07-02T12:00:00+07:00,2026-05-19T12:00:00+07:00
item_016_005,shop_016,cat_016_03,Đậu hũ chiên thêm,Đậu hũ chiên thêm tại Bún Đậu Mắm Tôm Hà Nội. Tags: topping. Mức cay 0/5.,25000,,https://cdn.mock.local/items/item_016_005.jpg,5.0,840,2516,12,0,96,2 người,1,1,0,2024-07-02T12:00:00+07:00,2026-05-19T12:00:00+07:00
item_016_006,shop_016,cat_016_04,Nước mơ Hà Nội,Nước mơ Hà Nội tại Bún Đậu Mắm Tôm Hà Nội. Tags: đồ uống. Mức cay 0/5.,25000,22000,https://cdn.mock.local/items/item_016_006.jpg,5.0,45,2914,19,0,281,1 người,1,0,0,2024-07-02T12:00:00+07:00,2026-05-19T12:00:00+07:00
item_017_001,shop_017,cat_017_01,Trà sữa trân châu đường đen,"Trà sữa trân châu đường đen tại Trà Sữa Moon Tea. Tags: bán chạy, ngọt. Mức cay 0/5.",45000,,https://cdn.mock.local/items/item_017_001.jpg,4.5,217,3211,22,0,228,vừa,1,1,0,2025-01-13T12:00:00+07:00,2026-05-22T12:00:00+07:00
item_017_002,shop_017,cat_017_01,Trà sữa ô long kem cheese,"Trà sữa ô long kem cheese tại Trà Sữa Moon Tea. Tags: béo, đồ uống. Mức cay 0/5.",49000,,https://cdn.mock.local/items/item_017_002.jpg,4.6,287,3171,13,0,61,nhỏ,0,1,0,2025-01-13T12:00:00+07:00,2026-05-22T12:00:00+07:00
item_017_003,shop_017,cat_017_02,Trà đào cam sả,Trà đào cam sả tại Trà Sữa Moon Tea. Tags: giải khát. Mức cay 0/5.,42000,,https://cdn.mock.local/items/item_017_003.jpg,4.5,259,3289,22,0,709,1-2 người,1,0,0,2025-01-13T12:00:00+07:00,2026-05-22T12:00:00+07:00
item_017_004,shop_017,cat_017_01,Matcha latte,Matcha latte tại Trà Sữa Moon Tea. Tags: ngọt nhẹ. Mức cay 0/5.,52000,,https://cdn.mock.local/items/item_017_004.jpg,4.9,177,131,20,0,124,nhỏ,0,0,0,2025-01-13T12:00:00+07:00,2026-05-22T12:00:00+07:00
item_017_005,shop_017,cat_017_03,Topping trân châu trắng,Topping trân châu trắng tại Trà Sữa Moon Tea. Tags: topping. Mức cay 0/5.,10000,9000,https://cdn.mock.local/items/item_017_005.jpg,4.6,328,1577,19,0,196,2 người,1,0,0,2025-01-13T12:00:00+07:00,2026-05-22T12:00:00+07:00
item_017_006,shop_017,cat_017_04,Sữa tươi đường đen,"Sữa tươi đường đen tại Trà Sữa Moon Tea. Tags: ngọt, bán chạy. Mức cay 0/5.",47000,42000,https://cdn.mock.local/items/item_017_006.jpg,4.5,113,953,12,0,193,vừa,1,1,0,2025-01-13T12:00:00+07:00,2026-05-22T12:00:00+07:00
item_018_001,shop_018,cat_018_01,Cháo sườn quẩy,"Cháo sườn quẩy tại Cháo Sườn Chú Tư. Tags: dễ ăn, ăn sáng. Mức cay 0/5.",39000,,https://cdn.mock.local/items/item_018_001.jpg,4.6,647,3060,19,0,786,2 người,1,1,0,2023-08-12T12:00:00+07:00,2026-05-24T12:00:00+07:00
item_018_002,shop_018,cat_018_01,Cháo thịt bằm trứng bắc thảo,Cháo thịt bằm trứng bắc thảo tại Cháo Sườn Chú Tư. Tags: ấm bụng. Mức cay 0/5.,45000,43000,https://cdn.mock.local/items/item_018_002.jpg,4.9,381,3220,22,0,734,nhỏ,1,0,0,2023-08-12T12:00:00+07:00,2026-05-24T12:00:00+07:00
item_018_003,shop_018,cat_018_01,Cháo gà xé nấm,"Cháo gà xé nấm tại Cháo Sườn Chú Tư. Tags: dễ ăn, ít dầu mỡ. Mức cay 0/5.",49000,44000,https://cdn.mock.local/items/item_018_003.jpg,4.7,697,2322,20,0,478,vừa,1,0,0,2023-08-12T12:00:00+07:00,2026-05-24T12:00:00+07:00
item_018_004,shop_018,cat_018_02,Súp cua,Súp cua tại Cháo Sườn Chú Tư. Tags: ăn nhẹ. Mức cay 0/5.,35000,33000,https://cdn.mock.local/items/item_018_004.jpg,4.8,209,1941,17,0,596,1-2 người,1,0,0,2023-08-12T12:00:00+07:00,2026-05-24T12:00:00+07:00
item_018_005,shop_018,cat_018_03,Quẩy thêm,Quẩy thêm tại Cháo Sườn Chú Tư. Tags: topping. Mức cay 0/5.,10000,,https://cdn.mock.local/items/item_018_005.jpg,5.0,497,3785,22,0,233,nhỏ,1,0,0,2023-08-12T12:00:00+07:00,2026-05-24T12:00:00+07:00
item_018_006,shop_018,cat_018_04,Sữa đậu xanh,Sữa đậu xanh tại Cháo Sườn Chú Tư. Tags: đồ uống. Mức cay 0/5.,18000,15000,https://cdn.mock.local/items/item_018_006.jpg,5.0,356,539,14,0,412,lớn,1,1,0,2023-08-12T12:00:00+07:00,2026-05-24T12:00:00+07:00
item_019_001,shop_019,cat_019_01,Cơm niêu cá kho tộ,"Cơm niêu cá kho tộ tại Cơm Niêu Nhà Quê. Tags: đậm vị, ăn trưa. Mức cay 1/5.",79000,73000,https://cdn.mock.local/items/item_019_001.jpg,4.7,474,1009,17,1,607,vừa,1,1,0,2023-10-28T12:00:00+07:00,2026-05-22T12:00:00+07:00
item_019_002,shop_019,cat_019_01,Cơm niêu thịt kho trứng,"Cơm niêu thịt kho trứng tại Cơm Niêu Nhà Quê. Tags: món Việt, no lâu. Mức cay 0/5.",75000,,https://cdn.mock.local/items/item_019_002.jpg,4.6,615,2093,19,0,530,2 người,1,0,0,2023-10-28T12:00:00+07:00,2026-05-22T12:00:00+07:00
item_019_003,shop_019,cat_019_01,Cơm niêu gà kho gừng,"Cơm niêu gà kho gừng tại Cơm Niêu Nhà Quê. Tags: ấm bụng, đậm vị. Mức cay 1/5.",79000,,https://cdn.mock.local/items/item_019_003.jpg,4.7,44,2478,17,1,823,1-2 người,1,0,0,2023-10-28T12:00:00+07:00,2026-05-22T12:00:00+07:00
item_019_004,shop_019,cat_019_02,Rau muống xào tỏi,Rau muống xào tỏi tại Cơm Niêu Nhà Quê. Tags: món phụ. Mức cay 0/5.,39000,,https://cdn.mock.local/items/item_019_004.jpg,5.0,1021,2012,21,0,824,1-2 người,1,0,0,2023-10-28T12:00:00+07:00,2026-05-22T12:00:00+07:00
item_019_005,shop_019,cat_019_03,Canh chua cá,Canh chua cá tại Cơm Niêu Nhà Quê. Tags: món Việt. Mức cay 1/5.,45000,38000,https://cdn.mock.local/items/item_019_005.jpg,4.6,797,2993,19,1,439,lớn,1,0,0,2023-10-28T12:00:00+07:00,2026-05-22T12:00:00+07:00
item_019_006,shop_019,cat_019_04,Nước sâm bí đao,Nước sâm bí đao tại Cơm Niêu Nhà Quê. Tags: đồ uống. Mức cay 0/5.,18000,,https://cdn.mock.local/items/item_019_006.jpg,4.8,701,1871,14,0,395,vừa,1,0,0,2023-10-28T12:00:00+07:00,2026-05-22T12:00:00+07:00
item_020_001,shop_020,cat_020_01,Bánh canh cua đặc biệt,"Bánh canh cua đặc biệt tại Bánh Canh Cua 79. Tags: hải sản, bán chạy. Mức cay 1/5.",79000,,https://cdn.mock.local/items/item_020_001.jpg,4.6,45,3664,12,1,804,lớn,1,1,0,2025-10-28T12:00:00+07:00,2026-05-23T12:00:00+07:00
item_020_002,shop_020,cat_020_01,Bánh canh giò heo,Bánh canh giò heo tại Bánh Canh Cua 79. Tags: no lâu. Mức cay 0/5.,65000,55000,https://cdn.mock.local/items/item_020_002.jpg,4.2,223,33,16,0,450,2 người,1,0,0,2025-10-28T12:00:00+07:00,2026-05-23T12:00:00+07:00
item_020_003,shop_020,cat_020_01,Bánh canh tôm thịt,Bánh canh tôm thịt tại Bánh Canh Cua 79. Tags: món nước. Mức cay 1/5.,69000,,https://cdn.mock.local/items/item_020_003.jpg,4.2,97,174,15,1,868,nhỏ,1,0,0,2025-10-28T12:00:00+07:00,2026-05-23T12:00:00+07:00
item_020_004,shop_020,cat_020_02,Cua thêm,"Cua thêm tại Bánh Canh Cua 79. Tags: topping, hải sản. Mức cay 0/5.",45000,,https://cdn.mock.local/items/item_020_004.jpg,4.4,398,3076,11,0,204,1-2 người,1,0,0,2025-10-28T12:00:00+07:00,2026-05-23T12:00:00+07:00
item_020_005,shop_020,cat_020_02,Bánh quẩy,Bánh quẩy tại Bánh Canh Cua 79. Tags: topping. Mức cay 0/5.,12000,,https://cdn.mock.local/items/item_020_005.jpg,4.5,400,409,9,0,169,vừa,1,1,0,2025-10-28T12:00:00+07:00,2026-05-23T12:00:00+07:00
item_020_006,shop_020,cat_020_03,Rau má đậu xanh,Rau má đậu xanh tại Bánh Canh Cua 79. Tags: đồ uống. Mức cay 0/5.,25000,,https://cdn.mock.local/items/item_020_006.jpg,4.3,275,855,10,0,325,1-2 người,1,0,0,2025-10-28T12:00:00+07:00,2026-05-23T12:00:00+07:00
item_021_001,shop_021,cat_021_01,Pad Thai tôm,"Pad Thai tôm tại Bếp Thái Tuk Tuk. Tags: món Thái, hải sản. Mức cay 2/5.",89000,80000,https://cdn.mock.local/items/item_021_001.jpg,4.8,550,2575,28,2,340,2 người,1,1,0,2023-11-16T12:00:00+07:00,2026-05-21T12:00:00+07:00
item_021_002,shop_021,cat_021_02,Cơm gà sốt basil cay,"Cơm gà sốt basil cay tại Bếp Thái Tuk Tuk. Tags: cay, ăn trưa. Mức cay 4/5.",79000,73000,https://cdn.mock.local/items/item_021_002.jpg,4.8,981,864,23,4,329,1-2 người,1,0,0,2023-11-16T12:00:00+07:00,2026-05-21T12:00:00+07:00
item_021_003,shop_021,cat_021_03,Tom Yum hải sản,"Tom Yum hải sản tại Bếp Thái Tuk Tuk. Tags: chua cay, hải sản. Mức cay 4/5.",99000,91000,https://cdn.mock.local/items/item_021_003.jpg,4.6,685,2686,28,4,575,lớn,1,1,0,2023-11-16T12:00:00+07:00,2026-05-21T12:00:00+07:00
item_021_004,shop_021,cat_021_04,Gỏi xoài cá trê,"Gỏi xoài cá trê tại Bếp Thái Tuk Tuk. Tags: chua ngọt, đậm vị. Mức cay 2/5.",85000,,https://cdn.mock.local/items/item_021_004.jpg,4.6,1123,154,24,2,861,nhỏ,1,0,0,2023-11-16T12:00:00+07:00,2026-05-21T12:00:00+07:00
item_021_005,shop_021,cat_021_05,Xôi xoài,"Xôi xoài tại Bếp Thái Tuk Tuk. Tags: ngọt, tráng miệng. Mức cay 0/5.",55000,,https://cdn.mock.local/items/item_021_005.jpg,4.9,947,3973,29,0,550,1-2 người,1,0,0,2023-11-16T12:00:00+07:00,2026-05-21T12:00:00+07:00
item_021_006,shop_021,cat_021_06,Trà sữa Thái xanh,Trà sữa Thái xanh tại Bếp Thái Tuk Tuk. Tags: đồ uống. Mức cay 0/5.,39000,36000,https://cdn.mock.local/items/item_021_006.jpg,4.7,13,3352,24,0,252,1 người,0,1,0,2023-11-16T12:00:00+07:00,2026-05-21T12:00:00+07:00
item_022_001,shop_022,cat_022_01,Mì trộn bò cay,"Mì trộn bò cay tại Mì Trộn Indomie House. Tags: cay, rẻ. Mức cay 3/5.",49000,,https://cdn.mock.local/items/item_022_001.jpg,4.8,597,2350,18,3,561,lớn,1,1,0,2024-04-06T12:00:00+07:00,2026-06-01T12:00:00+07:00
item_022_002,shop_022,cat_022_01,Mì trộn gà trứng,"Mì trộn gà trứng tại Mì Trộn Indomie House. Tags: rẻ, dễ ăn. Mức cay 1/5.",45000,,https://cdn.mock.local/items/item_022_002.jpg,4.5,978,961,28,1,897,vừa,1,0,0,2024-04-06T12:00:00+07:00,2026-06-01T12:00:00+07:00
item_022_003,shop_022,cat_022_01,Mì trộn hải sản,Mì trộn hải sản tại Mì Trộn Indomie House. Tags: hải sản. Mức cay 2/5.,59000,,https://cdn.mock.local/items/item_022_003.jpg,4.4,181,576,18,2,328,2 người,1,0,0,2024-04-06T12:00:00+07:00,2026-06-01T12:00:00+07:00
item_022_004,shop_022,cat_022_01,Mì trộn phô mai,"Mì trộn phô mai tại Mì Trộn Indomie House. Tags: béo, ăn vặt. Mức cay 1/5.",52000,49000,https://cdn.mock.local/items/item_022_004.jpg,4.6,525,3106,20,1,890,1 người,1,0,0,2024-04-06T12:00:00+07:00,2026-06-01T12:00:00+07:00
item_022_005,shop_022,cat_022_02,Xúc xích thêm,Xúc xích thêm tại Mì Trộn Indomie House. Tags: topping. Mức cay 0/5.,15000,,https://cdn.mock.local/items/item_022_005.jpg,4.7,935,2654,27,0,297,2 người,1,0,0,2024-04-06T12:00:00+07:00,2026-06-01T12:00:00+07:00
item_022_006,shop_022,cat_022_03,Trà chanh,Trà chanh tại Mì Trộn Indomie House. Tags: đồ uống. Mức cay 0/5.,18000,,https://cdn.mock.local/items/item_022_006.jpg,4.4,691,2087,25,0,259,nhỏ,1,0,0,2024-04-06T12:00:00+07:00,2026-06-01T12:00:00+07:00
item_023_001,shop_023,cat_023_01,Xôi gà xé,"Xôi gà xé tại Xôi Mặn Cô Ba. Tags: ăn sáng, no lâu. Mức cay 0/5.",35000,,https://cdn.mock.local/items/item_023_001.jpg,4.3,161,2923,17,0,339,vừa,1,1,0,2025-11-29T12:00:00+07:00,2026-06-03T12:00:00+07:00
item_023_002,shop_023,cat_023_01,Xôi mặn thập cẩm,"Xôi mặn thập cẩm tại Xôi Mặn Cô Ba. Tags: bán chạy, rẻ. Mức cay 0/5.",40000,34000,https://cdn.mock.local/items/item_023_002.jpg,4.5,53,2139,12,0,570,vừa,1,1,0,2025-11-29T12:00:00+07:00,2026-06-03T12:00:00+07:00
item_023_003,shop_023,cat_023_01,Xôi xá xíu,Xôi xá xíu tại Xôi Mặn Cô Ba. Tags: đậm vị. Mức cay 0/5.,42000,,https://cdn.mock.local/items/item_023_003.jpg,4.2,375,2559,13,0,649,1-2 người,1,0,0,2025-11-29T12:00:00+07:00,2026-06-03T12:00:00+07:00
item_023_004,shop_023,cat_023_01,Xôi chay nấm,"Xôi chay nấm tại Xôi Mặn Cô Ba. Tags: chay, rẻ. Mức cay 0/5.",35000,33000,https://cdn.mock.local/items/item_023_004.jpg,4.3,448,1457,17,0,661,2 người,1,0,0,2025-11-29T12:00:00+07:00,2026-06-03T12:00:00+07:00
item_023_005,shop_023,cat_023_02,Chả lụa thêm,Chả lụa thêm tại Xôi Mặn Cô Ba. Tags: topping. Mức cay 0/5.,12000,10000,https://cdn.mock.local/items/item_023_005.jpg,4.4,488,1785,14,0,123,vừa,1,0,0,2025-11-29T12:00:00+07:00,2026-06-03T12:00:00+07:00
item_023_006,shop_023,cat_023_03,Sữa mè đen,Sữa mè đen tại Xôi Mặn Cô Ba. Tags: đồ uống. Mức cay 0/5.,18000,,https://cdn.mock.local/items/item_023_006.jpg,4.4,57,178,7,0,90,lớn,1,0,0,2025-11-29T12:00:00+07:00,2026-06-03T12:00:00+07:00
item_024_001,shop_024,cat_024_01,Bún riêu cua đầy đủ,"Bún riêu cua đầy đủ tại Bún Riêu Cua Đồng. Tags: món nước, bán chạy. Mức cay 1/5.",55000,,https://cdn.mock.local/items/item_024_001.jpg,4.4,993,3362,14,1,882,nhỏ,1,1,0,2025-10-02T12:00:00+07:00,2026-06-01T12:00:00+07:00
item_024_002,shop_024,cat_024_01,Bún riêu ốc,"Bún riêu ốc tại Bún Riêu Cua Đồng. Tags: hải sản, đậm vị. Mức cay 1/5.",59000,,https://cdn.mock.local/items/item_024_002.jpg,4.5,937,378,21,1,840,nhỏ,1,0,0,2025-10-02T12:00:00+07:00,2026-06-01T12:00:00+07:00
item_024_003,shop_024,cat_024_01,Bún riêu chả,Bún riêu chả tại Bún Riêu Cua Đồng. Tags: dễ ăn. Mức cay 1/5.,52000,44000,https://cdn.mock.local/items/item_024_003.jpg,4.2,258,2117,11,1,402,lớn,1,0,0,2025-10-02T12:00:00+07:00,2026-06-01T12:00:00+07:00
item_024_004,shop_024,cat_024_02,Đậu hũ thêm,Đậu hũ thêm tại Bún Riêu Cua Đồng. Tags: topping. Mức cay 0/5.,10000,,https://cdn.mock.local/items/item_024_004.jpg,4.5,309,3704,22,0,205,1 người,1,0,0,2025-10-02T12:00:00+07:00,2026-06-01T12:00:00+07:00
item_024_005,shop_024,cat_024_02,Rau thêm,"Rau thêm tại Bún Riêu Cua Đồng. Tags: topping, healthy. Mức cay 0/5.",8000,,https://cdn.mock.local/items/item_024_005.jpg,4.3,1103,3321,19,0,193,1-2 người,1,0,0,2025-10-02T12:00:00+07:00,2026-06-01T12:00:00+07:00
item_024_006,shop_024,cat_024_03,Nước tắc,Nước tắc tại Bún Riêu Cua Đồng. Tags: đồ uống. Mức cay 0/5.,15000,14000,https://cdn.mock.local/items/item_024_006.jpg,4.4,1025,1377,21,0,295,1-2 người,1,0,0,2025-10-02T12:00:00+07:00,2026-06-01T12:00:00+07:00
item_025_001,shop_025,cat_025_01,Chicken kebab wrap,"Chicken kebab wrap tại Kebab & Wrap Corner. Tags: giao nhanh, ăn trưa. Mức cay 1/5.",69000,,https://cdn.mock.local/items/item_025_001.jpg,4.7,287,3679,19,1,682,2 người,1,1,0,2024-04-12T12:00:00+07:00,2026-05-18T12:00:00+07:00
item_025_002,shop_025,cat_025_01,Beef kebab wrap,"Beef kebab wrap tại Kebab & Wrap Corner. Tags: no lâu, đậm vị. Mức cay 1/5.",79000,,https://cdn.mock.local/items/item_025_002.jpg,4.9,359,3073,21,1,444,nhỏ,0,0,0,2024-04-12T12:00:00+07:00,2026-05-18T12:00:00+07:00
item_025_003,shop_025,cat_025_01,Falafel wrap chay,"Falafel wrap chay tại Kebab & Wrap Corner. Tags: chay, healthy. Mức cay 0/5.",65000,,https://cdn.mock.local/items/item_025_003.jpg,4.9,649,351,17,0,259,2 người,1,0,0,2024-04-12T12:00:00+07:00,2026-05-18T12:00:00+07:00
item_025_004,shop_025,cat_025_02,Kebab plate bò,Kebab plate bò tại Kebab & Wrap Corner. Tags: protein cao. Mức cay 1/5.,99000,,https://cdn.mock.local/items/item_025_004.jpg,4.9,1035,1191,27,1,829,nhỏ,0,0,0,2024-04-12T12:00:00+07:00,2026-05-18T12:00:00+07:00
item_025_005,shop_025,cat_025_03,Hummus pita,"Hummus pita tại Kebab & Wrap Corner. Tags: ăn nhẹ, chay. Mức cay 0/5.",49000,44000,https://cdn.mock.local/items/item_025_005.jpg,4.6,1022,908,20,0,814,lớn,1,0,0,2024-04-12T12:00:00+07:00,2026-05-18T12:00:00+07:00
item_025_006,shop_025,cat_025_04,Soda bạc hà,Soda bạc hà tại Kebab & Wrap Corner. Tags: đồ uống. Mức cay 0/5.,30000,,https://cdn.mock.local/items/item_025_006.jpg,4.6,159,1267,20,0,375,1 người,1,0,0,2024-04-12T12:00:00+07:00,2026-05-18T12:00:00+07:00
item_026_001,shop_026,cat_026_01,Cơm gà sốt tiêu đen,"Cơm gà sốt tiêu đen tại Cơm Văn Phòng Bento Việt. Tags: ăn trưa, no lâu. Mức cay 1/5.",59000,,https://cdn.mock.local/items/item_026_001.jpg,3.9,745,881,24,1,640,2 người,1,1,0,2025-06-27T12:00:00+07:00,2026-06-02T12:00:00+07:00
item_026_002,shop_026,cat_026_01,Cơm bò xào lúc lắc,Cơm bò xào lúc lắc tại Cơm Văn Phòng Bento Việt. Tags: protein cao. Mức cay 0/5.,69000,,https://cdn.mock.local/items/item_026_002.jpg,4.3,292,3698,22,0,622,lớn,1,0,0,2025-06-27T12:00:00+07:00,2026-06-02T12:00:00+07:00
item_026_003,shop_026,cat_026_01,Cơm cá basa sốt cà,Cơm cá basa sốt cà tại Cơm Văn Phòng Bento Việt. Tags: dễ ăn. Mức cay 0/5.,59000,,https://cdn.mock.local/items/item_026_003.jpg,3.9,839,3834,23,0,448,vừa,1,0,0,2025-06-27T12:00:00+07:00,2026-06-02T12:00:00+07:00
item_026_004,shop_026,cat_026_01,Cơm sườn ram mặn,Cơm sườn ram mặn tại Cơm Văn Phòng Bento Việt. Tags: đậm vị. Mức cay 0/5.,62000,,https://cdn.mock.local/items/item_026_004.jpg,3.9,296,164,22,0,439,2 người,1,1,0,2025-06-27T12:00:00+07:00,2026-06-02T12:00:00+07:00
item_026_005,shop_026,cat_026_02,Combo cơm + canh + nước,"Combo cơm + canh + nước tại Cơm Văn Phòng Bento Việt. Tags: combo, ăn trưa. Mức cay 0/5.",79000,,https://cdn.mock.local/items/item_026_005.jpg,3.9,143,2792,18,0,926,1 người,1,0,1,2025-06-27T12:00:00+07:00,2026-06-02T12:00:00+07:00
item_026_006,shop_026,cat_026_03,Canh rong biển,Canh rong biển tại Cơm Văn Phòng Bento Việt. Tags: món phụ. Mức cay 0/5.,25000,,https://cdn.mock.local/items/item_026_006.jpg,4.0,488,2525,21,0,594,vừa,1,1,0,2025-06-27T12:00:00+07:00,2026-06-02T12:00:00+07:00
item_027_001,shop_027,cat_027_01,Ốc hương rang muối ớt,"Ốc hương rang muối ớt tại Ốc Đêm Sài Gòn. Tags: cay, hải sản. Mức cay 4/5.",99000,,https://cdn.mock.local/items/item_027_001.jpg,4.3,557,2673,16,4,682,vừa,1,1,0,2024-07-24T12:00:00+07:00,2026-06-01T12:00:00+07:00
item_027_002,shop_027,cat_027_02,Nghêu hấp Thái,"Nghêu hấp Thái tại Ốc Đêm Sài Gòn. Tags: chua cay, hải sản. Mức cay 3/5.",79000,,https://cdn.mock.local/items/item_027_002.jpg,4.4,243,2421,13,3,455,vừa,0,0,0,2024-07-24T12:00:00+07:00,2026-06-01T12:00:00+07:00
item_027_003,shop_027,cat_027_02,Sò điệp nướng mỡ hành,Sò điệp nướng mỡ hành tại Ốc Đêm Sài Gòn. Tags: đậm vị. Mức cay 1/5.,89000,,https://cdn.mock.local/items/item_027_003.jpg,4.4,737,3706,17,1,371,nhỏ,1,0,0,2024-07-24T12:00:00+07:00,2026-06-01T12:00:00+07:00
item_027_004,shop_027,cat_027_02,Càng ghẹ rang me,"Càng ghẹ rang me tại Ốc Đêm Sài Gòn. Tags: chua ngọt, cao cấp. Mức cay 2/5.",119000,101000,https://cdn.mock.local/items/item_027_004.jpg,4.0,528,2625,24,2,807,nhỏ,1,0,0,2024-07-24T12:00:00+07:00,2026-06-01T12:00:00+07:00
item_027_005,shop_027,cat_027_03,Bánh mì chấm sốt,Bánh mì chấm sốt tại Ốc Đêm Sài Gòn. Tags: topping. Mức cay 0/5.,10000,,https://cdn.mock.local/items/item_027_005.jpg,4.2,961,3799,13,0,251,lớn,1,0,0,2024-07-24T12:00:00+07:00,2026-06-01T12:00:00+07:00
item_027_006,shop_027,cat_027_04,Nước ngọt lon,Nước ngọt lon tại Ốc Đêm Sài Gòn. Tags: đồ uống. Mức cay 0/5.,18000,,https://cdn.mock.local/items/item_027_006.jpg,4.2,939,2100,25,0,60,1-2 người,1,1,0,2024-07-24T12:00:00+07:00,2026-06-01T12:00:00+07:00
item_028_001,shop_028,cat_028_01,Croissant trứng phô mai,"Croissant trứng phô mai tại Cà Phê Sáng & Brunch. Tags: ăn sáng, béo. Mức cay 0/5.",59000,,https://cdn.mock.local/items/item_028_001.jpg,4.7,641,1627,21,0,576,nhỏ,1,1,0,2025-06-09T12:00:00+07:00,2026-05-15T12:00:00+07:00
item_028_002,shop_028,cat_028_02,Sandwich gà nướng,"Sandwich gà nướng tại Cà Phê Sáng & Brunch. Tags: ăn trưa, dễ ăn. Mức cay 0/5.",69000,,https://cdn.mock.local/items/item_028_002.jpg,4.8,1030,3023,26,0,896,vừa,1,0,0,2025-06-09T12:00:00+07:00,2026-05-15T12:00:00+07:00
item_028_003,shop_028,cat_028_03,Pancake mật ong,"Pancake mật ong tại Cà Phê Sáng & Brunch. Tags: ngọt, brunch. Mức cay 0/5.",65000,,https://cdn.mock.local/items/item_028_003.jpg,4.7,292,1029,23,0,722,1-2 người,1,0,0,2025-06-09T12:00:00+07:00,2026-05-15T12:00:00+07:00
item_028_004,shop_028,cat_028_04,Cà phê sữa đá,"Cà phê sữa đá tại Cà Phê Sáng & Brunch. Tags: cà phê, bán chạy. Mức cay 0/5.",35000,32000,https://cdn.mock.local/items/item_028_004.jpg,4.7,92,3386,26,0,287,nhỏ,1,1,0,2025-06-09T12:00:00+07:00,2026-05-15T12:00:00+07:00
item_028_005,shop_028,cat_028_04,Cold brew cam,"Cold brew cam tại Cà Phê Sáng & Brunch. Tags: cà phê, giải khát. Mức cay 0/5.",49000,,https://cdn.mock.local/items/item_028_005.jpg,4.8,726,1677,17,0,192,2 người,1,0,0,2025-06-09T12:00:00+07:00,2026-05-15T12:00:00+07:00
item_028_006,shop_028,cat_028_04,Latte nóng,Latte nóng tại Cà Phê Sáng & Brunch. Tags: đồ uống. Mức cay 0/5.,45000,,https://cdn.mock.local/items/item_028_006.jpg,4.9,697,1880,16,0,98,vừa,1,1,0,2025-06-09T12:00:00+07:00,2026-05-15T12:00:00+07:00
item_029_001,shop_029,cat_029_01,Mì Quảng gà,"Mì Quảng gà tại Mì Quảng Hội An. Tags: món Trung, ăn trưa. Mức cay 1/5.",59000,,https://cdn.mock.local/items/item_029_001.jpg,4.1,270,3356,20,1,606,2 người,1,1,0,2024-02-02T12:00:00+07:00,2026-05-23T12:00:00+07:00
item_029_002,shop_029,cat_029_01,Mì Quảng tôm thịt,"Mì Quảng tôm thịt tại Mì Quảng Hội An. Tags: hải sản, đậm vị. Mức cay 1/5.",65000,58000,https://cdn.mock.local/items/item_029_002.jpg,4.0,366,550,24,1,473,lớn,1,0,0,2024-02-02T12:00:00+07:00,2026-05-23T12:00:00+07:00
item_029_003,shop_029,cat_029_01,Mì Quảng bò,Mì Quảng bò tại Mì Quảng Hội An. Tags: no lâu. Mức cay 1/5.,69000,59000,https://cdn.mock.local/items/item_029_003.jpg,4.3,372,1309,14,1,386,1-2 người,1,0,0,2024-02-02T12:00:00+07:00,2026-05-23T12:00:00+07:00
item_029_004,shop_029,cat_029_02,Bánh tráng mè,Bánh tráng mè tại Mì Quảng Hội An. Tags: topping. Mức cay 0/5.,10000,8000,https://cdn.mock.local/items/item_029_004.jpg,4.3,21,619,24,0,203,1-2 người,1,0,0,2024-02-02T12:00:00+07:00,2026-05-23T12:00:00+07:00
item_029_005,shop_029,cat_029_03,Ram cuốn cải,Ram cuốn cải tại Mì Quảng Hội An. Tags: ăn nhẹ. Mức cay 0/5.,39000,33000,https://cdn.mock.local/items/item_029_005.jpg,4.3,148,101,18,0,322,2 người,1,0,0,2024-02-02T12:00:00+07:00,2026-05-23T12:00:00+07:00
item_029_006,shop_029,cat_029_04,Nước sả chanh,Nước sả chanh tại Mì Quảng Hội An. Tags: đồ uống. Mức cay 0/5.,22000,,https://cdn.mock.local/items/item_029_006.jpg,4.0,274,3169,18,0,410,1 người,1,0,0,2024-02-02T12:00:00+07:00,2026-05-23T12:00:00+07:00
item_030_001,shop_030,cat_030_01,Taco bò cay,"Taco bò cay tại Taco Fiesta. Tags: cay, đậm vị. Mức cay 3/5.",69000,,https://cdn.mock.local/items/item_030_001.jpg,4.5,465,1257,28,3,849,nhỏ,1,1,0,2024-07-10T12:00:00+07:00,2026-06-01T12:00:00+07:00
item_030_002,shop_030,cat_030_01,Taco gà phô mai,"Taco gà phô mai tại Taco Fiesta. Tags: dễ ăn, béo. Mức cay 1/5.",65000,55000,https://cdn.mock.local/items/item_030_002.jpg,4.6,366,1491,18,1,686,1 người,1,0,0,2024-07-10T12:00:00+07:00,2026-06-01T12:00:00+07:00
item_030_003,shop_030,cat_030_02,Burrito bò đậu,Burrito bò đậu tại Taco Fiesta. Tags: no lâu. Mức cay 2/5.,89000,,https://cdn.mock.local/items/item_030_003.jpg,4.8,138,2328,27,2,359,1-2 người,1,0,0,2024-07-10T12:00:00+07:00,2026-06-01T12:00:00+07:00
item_030_004,shop_030,cat_030_03,Nachos phô mai,"Nachos phô mai tại Taco Fiesta. Tags: ăn vặt, ăn nhóm. Mức cay 1/5.",59000,,https://cdn.mock.local/items/item_030_004.jpg,4.6,585,991,18,1,771,nhỏ,1,1,0,2024-07-10T12:00:00+07:00,2026-06-01T12:00:00+07:00
item_030_005,shop_030,cat_030_03,Guacamole chips,"Guacamole chips tại Taco Fiesta. Tags: healthy, ăn nhẹ. Mức cay 0/5.",55000,,https://cdn.mock.local/items/item_030_005.jpg,4.7,642,881,23,0,618,vừa,1,1,0,2024-07-10T12:00:00+07:00,2026-06-01T12:00:00+07:00
item_030_006,shop_030,cat_030_04,Lemon soda,Lemon soda tại Taco Fiesta. Tags: đồ uống. Mức cay 0/5.,30000,28000,https://cdn.mock.local/items/item_030_006.jpg,4.6,367,96,18,0,162,vừa,1,1,0,2024-07-10T12:00:00+07:00,2026-06-01T12:00:00+07:00
item_031_001,shop_031,cat_031_01,Cơm thịt kho trứng,"Cơm thịt kho trứng tại Bếp Mẹ Nấu. Tags: món Việt, no lâu. Mức cay 0/5.",59000,,https://cdn.mock.local/items/item_031_001.jpg,4.3,125,3468,13,0,886,2 người,1,1,0,2025-06-02T12:00:00+07:00,2026-05-28T12:00:00+07:00
item_031_002,shop_031,cat_031_01,Cơm cá kho tiêu,Cơm cá kho tiêu tại Bếp Mẹ Nấu. Tags: đậm vị. Mức cay 1/5.,62000,,https://cdn.mock.local/items/item_031_002.jpg,4.5,175,2137,17,1,777,vừa,1,0,0,2025-06-02T12:00:00+07:00,2026-05-28T12:00:00+07:00
item_031_003,shop_031,cat_031_01,Cơm gà kho sả,Cơm gà kho sả tại Bếp Mẹ Nấu. Tags: ấm bụng. Mức cay 2/5.,59000,,https://cdn.mock.local/items/item_031_003.jpg,4.4,350,1501,14,2,556,nhỏ,1,1,0,2025-06-02T12:00:00+07:00,2026-05-28T12:00:00+07:00
item_031_004,shop_031,cat_031_02,Đậu hũ sốt cà,"Đậu hũ sốt cà tại Bếp Mẹ Nấu. Tags: chay, dễ ăn. Mức cay 0/5.",42000,39000,https://cdn.mock.local/items/item_031_004.jpg,4.2,350,1101,10,0,892,2 người,1,0,0,2025-06-02T12:00:00+07:00,2026-05-28T12:00:00+07:00
item_031_005,shop_031,cat_031_03,Canh bí đỏ thịt bằm,Canh bí đỏ thịt bằm tại Bếp Mẹ Nấu. Tags: món phụ. Mức cay 0/5.,30000,27000,https://cdn.mock.local/items/item_031_005.jpg,4.3,564,148,9,0,888,1-2 người,1,0,0,2025-06-02T12:00:00+07:00,2026-05-28T12:00:00+07:00
item_031_006,shop_031,cat_031_04,Trà atiso,Trà atiso tại Bếp Mẹ Nấu. Tags: đồ uống. Mức cay 0/5.,20000,,https://cdn.mock.local/items/item_031_006.jpg,4.2,827,701,6,0,260,vừa,1,0,0,2025-06-02T12:00:00+07:00,2026-05-28T12:00:00+07:00
item_032_001,shop_032,cat_032_01,Tonkotsu ramen,"Tonkotsu ramen tại Ramen Ichiban. Tags: món nước, bán chạy. Mức cay 1/5.",99000,,https://cdn.mock.local/items/item_032_001.jpg,4.4,41,3598,20,1,879,lớn,1,1,0,2025-04-23T12:00:00+07:00,2026-05-20T12:00:00+07:00
item_032_002,shop_032,cat_032_01,Miso ramen cay,"Miso ramen cay tại Ramen Ichiban. Tags: cay, ăn tối. Mức cay 3/5.",95000,,https://cdn.mock.local/items/item_032_002.jpg,4.4,58,1379,26,3,429,vừa,1,0,0,2025-04-23T12:00:00+07:00,2026-05-20T12:00:00+07:00
item_032_003,shop_032,cat_032_01,Shoyu ramen gà,Shoyu ramen gà tại Ramen Ichiban. Tags: dễ ăn. Mức cay 1/5.,89000,,https://cdn.mock.local/items/item_032_003.jpg,4.6,180,2264,28,1,329,nhỏ,1,0,0,2025-04-23T12:00:00+07:00,2026-05-20T12:00:00+07:00
item_032_004,shop_032,cat_032_02,Gyoza chiên,Gyoza chiên tại Ramen Ichiban. Tags: ăn vặt. Mức cay 0/5.,59000,,https://cdn.mock.local/items/item_032_004.jpg,4.7,92,1201,24,0,850,vừa,1,0,0,2025-04-23T12:00:00+07:00,2026-05-20T12:00:00+07:00
item_032_005,shop_032,cat_032_03,Trứng ngâm tương thêm,Trứng ngâm tương thêm tại Ramen Ichiban. Tags: topping. Mức cay 0/5.,15000,,https://cdn.mock.local/items/item_032_005.jpg,4.7,93,1097,25,0,79,lớn,1,0,0,2025-04-23T12:00:00+07:00,2026-05-20T12:00:00+07:00
item_032_006,shop_032,cat_032_04,Trà lúa mạch,Trà lúa mạch tại Ramen Ichiban. Tags: đồ uống. Mức cay 0/5.,25000,,https://cdn.mock.local/items/item_032_006.jpg,4.5,172,2612,18,0,119,1 người,1,0,0,2025-04-23T12:00:00+07:00,2026-05-20T12:00:00+07:00
item_033_001,shop_033,cat_033_01,Bún chả đặc biệt,"Bún chả đặc biệt tại Bún Chả Hà Nội 36. Tags: bán chạy, ăn trưa. Mức cay 0/5.",69000,66000,https://cdn.mock.local/items/item_033_001.jpg,4.2,521,648,9,0,715,vừa,1,1,0,2023-05-30T12:00:00+07:00,2026-05-19T12:00:00+07:00
item_033_002,shop_033,cat_033_01,Bún chả nem cua bể,"Bún chả nem cua bể tại Bún Chả Hà Nội 36. Tags: đậm vị, hải sản. Mức cay 0/5.",79000,67000,https://cdn.mock.local/items/item_033_002.jpg,4.4,213,1987,16,0,716,1 người,1,1,0,2023-05-30T12:00:00+07:00,2026-05-19T12:00:00+07:00
item_033_003,shop_033,cat_033_01,Bún chả thịt nướng,Bún chả thịt nướng tại Bún Chả Hà Nội 36. Tags: món Bắc. Mức cay 0/5.,59000,,https://cdn.mock.local/items/item_033_003.jpg,4.3,202,884,10,0,846,vừa,1,0,0,2023-05-30T12:00:00+07:00,2026-05-19T12:00:00+07:00
item_033_004,shop_033,cat_033_02,Nem cua bể thêm,"Nem cua bể thêm tại Bún Chả Hà Nội 36. Tags: hải sản, topping. Mức cay 0/5.",35000,,https://cdn.mock.local/items/item_033_004.jpg,4.2,447,2047,17,0,96,2 người,1,0,0,2023-05-30T12:00:00+07:00,2026-05-19T12:00:00+07:00
item_033_005,shop_033,cat_033_02,Rau sống thêm,Rau sống thêm tại Bún Chả Hà Nội 36. Tags: healthy. Mức cay 0/5.,8000,7000,https://cdn.mock.local/items/item_033_005.jpg,4.3,531,563,15,0,266,vừa,1,0,0,2023-05-30T12:00:00+07:00,2026-05-19T12:00:00+07:00
item_033_006,shop_033,cat_033_03,Trà quất,Trà quất tại Bún Chả Hà Nội 36. Tags: đồ uống. Mức cay 0/5.,18000,15000,https://cdn.mock.local/items/item_033_006.jpg,4.1,723,3607,15,0,136,vừa,1,0,0,2023-05-30T12:00:00+07:00,2026-05-19T12:00:00+07:00
item_034_001,shop_034,cat_034_01,Bibimbap bò trứng,"Bibimbap bò trứng tại Cơm Trộn Bibimbap House. Tags: ăn trưa, món Hàn. Mức cay 2/5.",79000,,https://cdn.mock.local/items/item_034_001.jpg,4.4,251,489,17,2,640,1-2 người,0,1,0,2025-07-06T12:00:00+07:00,2026-05-16T12:00:00+07:00
item_034_002,shop_034,cat_034_01,Bibimbap gà cay,"Bibimbap gà cay tại Cơm Trộn Bibimbap House. Tags: cay, no lâu. Mức cay 3/5.",75000,,https://cdn.mock.local/items/item_034_002.jpg,4.2,59,1610,23,3,363,vừa,1,1,0,2025-07-06T12:00:00+07:00,2026-05-16T12:00:00+07:00
item_034_003,shop_034,cat_034_01,Bibimbap nấm chay,"Bibimbap nấm chay tại Cơm Trộn Bibimbap House. Tags: chay, healthy. Mức cay 1/5.",69000,66000,https://cdn.mock.local/items/item_034_003.jpg,4.2,76,171,16,1,534,2 người,1,0,0,2025-07-06T12:00:00+07:00,2026-05-16T12:00:00+07:00
item_034_004,shop_034,cat_034_02,Canh kim chi,"Canh kim chi tại Cơm Trộn Bibimbap House. Tags: cay, món phụ. Mức cay 3/5.",39000,,https://cdn.mock.local/items/item_034_004.jpg,4.3,590,3073,21,3,456,2 người,1,1,0,2025-07-06T12:00:00+07:00,2026-05-16T12:00:00+07:00
item_034_005,shop_034,cat_034_03,Kimchi thêm,Kimchi thêm tại Cơm Trộn Bibimbap House. Tags: topping. Mức cay 2/5.,15000,14000,https://cdn.mock.local/items/item_034_005.jpg,4.2,26,487,20,2,288,2 người,1,0,0,2025-07-06T12:00:00+07:00,2026-05-16T12:00:00+07:00
item_034_006,shop_034,cat_034_04,Trà gạo rang,Trà gạo rang tại Cơm Trộn Bibimbap House. Tags: đồ uống. Mức cay 0/5.,25000,21000,https://cdn.mock.local/items/item_034_006.jpg,4.1,711,2647,18,0,376,lớn,1,0,0,2025-07-06T12:00:00+07:00,2026-05-16T12:00:00+07:00
item_035_001,shop_035,cat_035_01,Cà ri gà bơ,"Cà ri gà bơ tại Bếp Ấn Curry Corner. Tags: đậm vị, béo. Mức cay 2/5.",99000,,https://cdn.mock.local/items/item_035_001.jpg,4.8,720,3527,11,2,722,1 người,1,1,0,2023-05-28T12:00:00+07:00,2026-05-23T12:00:00+07:00
item_035_002,shop_035,cat_035_01,Cà ri cừu cay,"Cà ri cừu cay tại Bếp Ấn Curry Corner. Tags: cay, cao cấp. Mức cay 4/5.",129000,,https://cdn.mock.local/items/item_035_002.jpg,5.0,1039,2659,14,4,404,nhỏ,1,1,0,2023-05-28T12:00:00+07:00,2026-05-23T12:00:00+07:00
item_035_003,shop_035,cat_035_01,Cà ri đậu gà chay,"Cà ri đậu gà chay tại Bếp Ấn Curry Corner. Tags: chay, healthy. Mức cay 2/5.",89000,85000,https://cdn.mock.local/items/item_035_003.jpg,4.6,14,2057,16,2,578,2 người,1,0,0,2023-05-28T12:00:00+07:00,2026-05-23T12:00:00+07:00
item_035_004,shop_035,cat_035_02,Cơm basmati,Cơm basmati tại Bếp Ấn Curry Corner. Tags: topping. Mức cay 0/5.,25000,23000,https://cdn.mock.local/items/item_035_004.jpg,5.0,382,2082,5,0,98,1 người,1,0,0,2023-05-28T12:00:00+07:00,2026-05-23T12:00:00+07:00
item_035_005,shop_035,cat_035_02,Bánh naan tỏi,Bánh naan tỏi tại Bếp Ấn Curry Corner. Tags: topping. Mức cay 0/5.,35000,,https://cdn.mock.local/items/item_035_005.jpg,4.7,905,2193,6,0,198,nhỏ,1,0,0,2023-05-28T12:00:00+07:00,2026-05-23T12:00:00+07:00
item_035_006,shop_035,cat_035_03,Lassi xoài,Lassi xoài tại Bếp Ấn Curry Corner. Tags: đồ uống. Mức cay 0/5.,45000,,https://cdn.mock.local/items/item_035_006.jpg,4.7,777,1130,13,0,272,2 người,1,0,0,2023-05-28T12:00:00+07:00,2026-05-23T12:00:00+07:00
item_036_001,shop_036,cat_036_01,Salad gà Caesar,"Salad gà Caesar tại Salad Stop Mini. Tags: healthy, protein cao. Mức cay 0/5.",79000,,https://cdn.mock.local/items/item_036_001.jpg,4.2,202,2557,14,0,393,vừa,1,1,0,2025-01-10T12:00:00+07:00,2026-05-17T12:00:00+07:00
item_036_002,shop_036,cat_036_01,Salad cá ngừ bắp Mỹ,"Salad cá ngừ bắp Mỹ tại Salad Stop Mini. Tags: healthy, ít tinh bột. Mức cay 0/5.",85000,72000,https://cdn.mock.local/items/item_036_002.jpg,4.1,848,2308,22,0,522,lớn,0,0,0,2025-01-10T12:00:00+07:00,2026-05-17T12:00:00+07:00
item_036_003,shop_036,cat_036_02,Wrap gà ngũ cốc,"Wrap gà ngũ cốc tại Salad Stop Mini. Tags: healthy, ăn trưa. Mức cay 0/5.",75000,71000,https://cdn.mock.local/items/item_036_003.jpg,4.5,136,2770,14,0,546,2 người,1,1,0,2025-01-10T12:00:00+07:00,2026-05-17T12:00:00+07:00
item_036_004,shop_036,cat_036_03,Súp bí đỏ,Súp bí đỏ tại Salad Stop Mini. Tags: ít dầu mỡ. Mức cay 0/5.,45000,41000,https://cdn.mock.local/items/item_036_004.jpg,4.3,134,991,13,0,414,vừa,1,0,0,2025-01-10T12:00:00+07:00,2026-05-17T12:00:00+07:00
item_036_005,shop_036,cat_036_04,Nước ép cam cà rốt,Nước ép cam cà rốt tại Salad Stop Mini. Tags: healthy. Mức cay 0/5.,45000,38000,https://cdn.mock.local/items/item_036_005.jpg,4.4,376,188,14,0,186,vừa,1,0,0,2025-01-10T12:00:00+07:00,2026-05-17T12:00:00+07:00
item_036_006,shop_036,cat_036_05,Yogurt trái cây,"Yogurt trái cây tại Salad Stop Mini. Tags: healthy, ngọt nhẹ. Mức cay 0/5.",39000,,https://cdn.mock.local/items/item_036_006.jpg,4.3,759,1247,24,0,460,lớn,1,0,0,2025-01-10T12:00:00+07:00,2026-05-17T12:00:00+07:00
item_037_001,shop_037,cat_037_01,Bò né trứng pate,"Bò né trứng pate tại Bò Né 3 Ngon. Tags: ăn sáng, no lâu. Mức cay 0/5.",69000,,https://cdn.mock.local/items/item_037_001.jpg,4.3,86,2711,26,0,916,vừa,1,1,0,2023-02-25T12:00:00+07:00,2026-05-29T12:00:00+07:00
item_037_002,shop_037,cat_037_01,Bò né phô mai,"Bò né phô mai tại Bò Né 3 Ngon. Tags: béo, đậm vị. Mức cay 0/5.",79000,,https://cdn.mock.local/items/item_037_002.jpg,4.4,1008,3181,30,0,789,vừa,1,0,0,2023-02-25T12:00:00+07:00,2026-05-29T12:00:00+07:00
item_037_003,shop_037,cat_037_02,Bánh mì thêm,Bánh mì thêm tại Bò Né 3 Ngon. Tags: topping. Mức cay 0/5.,8000,,https://cdn.mock.local/items/item_037_003.jpg,4.4,187,3994,21,0,246,1 người,1,0,0,2023-02-25T12:00:00+07:00,2026-05-29T12:00:00+07:00
item_037_004,shop_037,cat_037_02,Khoai tây chiên bò né,Khoai tây chiên bò né tại Bò Né 3 Ngon. Tags: ăn vặt. Mức cay 0/5.,25000,23000,https://cdn.mock.local/items/item_037_004.jpg,4.1,637,3145,23,0,183,1 người,1,1,0,2023-02-25T12:00:00+07:00,2026-05-29T12:00:00+07:00
item_037_005,shop_037,cat_037_03,Salad dầu giấm,Salad dầu giấm tại Bò Né 3 Ngon. Tags: món phụ. Mức cay 0/5.,25000,,https://cdn.mock.local/items/item_037_005.jpg,4.5,806,666,27,0,427,1-2 người,1,1,0,2023-02-25T12:00:00+07:00,2026-05-29T12:00:00+07:00
item_037_006,shop_037,cat_037_04,Cacao đá,Cacao đá tại Bò Né 3 Ngon. Tags: đồ uống. Mức cay 0/5.,30000,27000,https://cdn.mock.local/items/item_037_006.jpg,4.2,598,894,30,0,397,1 người,1,0,0,2023-02-25T12:00:00+07:00,2026-05-29T12:00:00+07:00
item_038_001,shop_038,cat_038_01,Gỏi cuốn tôm thịt,"Gỏi cuốn tôm thịt tại Gỏi Cuốn Fresh Roll. Tags: healthy, ăn nhẹ. Mức cay 0/5.",39000,,https://cdn.mock.local/items/item_038_001.jpg,4.2,253,1351,20,0,272,1-2 người,1,1,0,2024-08-30T12:00:00+07:00,2026-05-16T12:00:00+07:00
item_038_002,shop_038,cat_038_01,Gỏi cuốn bì chay,"Gỏi cuốn bì chay tại Gỏi Cuốn Fresh Roll. Tags: chay, healthy. Mức cay 0/5.",35000,32000,https://cdn.mock.local/items/item_038_002.jpg,4.0,192,1895,12,0,309,lớn,1,0,0,2024-08-30T12:00:00+07:00,2026-05-16T12:00:00+07:00
item_038_003,shop_038,cat_038_01,Cuốn cá hồi bơ,"Cuốn cá hồi bơ tại Gỏi Cuốn Fresh Roll. Tags: healthy, cao cấp. Mức cay 0/5.",79000,,https://cdn.mock.local/items/item_038_003.jpg,4.1,93,2489,13,0,272,nhỏ,1,0,0,2024-08-30T12:00:00+07:00,2026-05-16T12:00:00+07:00
item_038_004,shop_038,cat_038_01,Bò bía mặn,Bò bía mặn tại Gỏi Cuốn Fresh Roll. Tags: ăn vặt. Mức cay 0/5.,30000,27000,https://cdn.mock.local/items/item_038_004.jpg,4.0,229,3755,16,0,327,2 người,1,0,0,2024-08-30T12:00:00+07:00,2026-05-16T12:00:00+07:00
item_038_005,shop_038,cat_038_02,Sốt đậu phộng thêm,Sốt đậu phộng thêm tại Gỏi Cuốn Fresh Roll. Tags: topping. Mức cay 0/5.,8000,7000,https://cdn.mock.local/items/item_038_005.jpg,4.4,292,1096,14,0,77,nhỏ,1,0,0,2024-08-30T12:00:00+07:00,2026-05-16T12:00:00+07:00
item_038_006,shop_038,cat_038_03,Nước ép dứa,Nước ép dứa tại Gỏi Cuốn Fresh Roll. Tags: đồ uống. Mức cay 0/5.,35000,,https://cdn.mock.local/items/item_038_006.jpg,4.2,210,2577,13,0,101,1 người,1,0,0,2024-08-30T12:00:00+07:00,2026-05-16T12:00:00+07:00
item_039_001,shop_039,cat_039_01,Hủ tiếu Nam Vang đặc biệt,"Hủ tiếu Nam Vang đặc biệt tại Hủ Tiếu Nam Vang Tài Lộc. Tags: bán chạy, món nước. Mức cay 0/5.",69000,,https://cdn.mock.local/items/item_039_001.jpg,4.2,506,548,23,0,858,1 người,1,1,0,2023-03-03T12:00:00+07:00,2026-05-24T12:00:00+07:00
item_039_002,shop_039,cat_039_01,Hủ tiếu khô xá xíu,Hủ tiếu khô xá xíu tại Hủ Tiếu Nam Vang Tài Lộc. Tags: đậm vị. Mức cay 0/5.,65000,,https://cdn.mock.local/items/item_039_002.jpg,4.1,42,3541,13,0,709,nhỏ,1,0,0,2023-03-03T12:00:00+07:00,2026-05-24T12:00:00+07:00
item_039_003,shop_039,cat_039_01,Hủ tiếu mực,Hủ tiếu mực tại Hủ Tiếu Nam Vang Tài Lộc. Tags: hải sản. Mức cay 0/5.,75000,64000,https://cdn.mock.local/items/item_039_003.jpg,4.1,106,2834,19,0,702,1-2 người,1,0,0,2023-03-03T12:00:00+07:00,2026-05-24T12:00:00+07:00
item_039_004,shop_039,cat_039_02,Súp xí quách,Súp xí quách tại Hủ Tiếu Nam Vang Tài Lộc. Tags: no lâu. Mức cay 0/5.,59000,,https://cdn.mock.local/items/item_039_004.jpg,4.3,181,2712,18,0,914,vừa,1,0,0,2023-03-03T12:00:00+07:00,2026-05-24T12:00:00+07:00
item_039_005,shop_039,cat_039_03,Hoành thánh thêm,Hoành thánh thêm tại Hủ Tiếu Nam Vang Tài Lộc. Tags: topping. Mức cay 0/5.,25000,,https://cdn.mock.local/items/item_039_005.jpg,4.4,160,207,21,0,246,1-2 người,1,0,0,2023-03-03T12:00:00+07:00,2026-05-24T12:00:00+07:00
item_039_006,shop_039,cat_039_04,Sâm lạnh,Sâm lạnh tại Hủ Tiếu Nam Vang Tài Lộc. Tags: đồ uống. Mức cay 0/5.,18000,,https://cdn.mock.local/items/item_039_006.jpg,4.4,899,2770,16,0,211,nhỏ,1,0,0,2023-03-03T12:00:00+07:00,2026-05-24T12:00:00+07:00
item_040_001,shop_040,cat_040_01,Bánh xèo tôm thịt,"Bánh xèo tôm thịt tại Bánh Xèo Miền Tây. Tags: hải sản, giòn. Mức cay 0/5.",69000,,https://cdn.mock.local/items/item_040_001.jpg,4.1,832,2630,20,0,701,2 người,1,1,0,2023-04-09T12:00:00+07:00,2026-05-17T12:00:00+07:00
item_040_002,shop_040,cat_040_01,Bánh xèo nấm chay,"Bánh xèo nấm chay tại Bánh Xèo Miền Tây. Tags: chay, giòn. Mức cay 0/5.",59000,50000,https://cdn.mock.local/items/item_040_002.jpg,4.4,733,556,27,0,604,2 người,1,1,0,2023-04-09T12:00:00+07:00,2026-05-17T12:00:00+07:00
item_040_003,shop_040,cat_040_02,Bánh khọt Vũng Tàu,"Bánh khọt Vũng Tàu tại Bánh Xèo Miền Tây. Tags: hải sản, ăn vặt. Mức cay 0/5.",65000,,https://cdn.mock.local/items/item_040_003.jpg,4.4,681,1467,19,0,534,1-2 người,1,0,0,2023-04-09T12:00:00+07:00,2026-05-17T12:00:00+07:00
item_040_004,shop_040,cat_040_03,Rau sống bánh xèo,Rau sống bánh xèo tại Bánh Xèo Miền Tây. Tags: healthy. Mức cay 0/5.,15000,,https://cdn.mock.local/items/item_040_004.jpg,4.5,1152,2781,26,0,216,vừa,1,0,0,2023-04-09T12:00:00+07:00,2026-05-17T12:00:00+07:00
item_040_005,shop_040,cat_040_03,Nước mắm thêm,Nước mắm thêm tại Bánh Xèo Miền Tây. Tags: topping. Mức cay 0/5.,5000,5000,https://cdn.mock.local/items/item_040_005.jpg,4.1,331,1143,23,0,290,vừa,1,0,0,2023-04-09T12:00:00+07:00,2026-05-17T12:00:00+07:00
item_040_006,shop_040,cat_040_04,Nước dừa tươi,Nước dừa tươi tại Bánh Xèo Miền Tây. Tags: đồ uống. Mức cay 0/5.,30000,,https://cdn.mock.local/items/item_040_006.jpg,4.3,681,919,24,0,103,lớn,1,0,0,2023-04-09T12:00:00+07:00,2026-05-17T12:00:00+07:00
item_041_001,shop_041,cat_041_01,Sandwich ham cheese,"Sandwich ham cheese tại Sandwich Deli Corner. Tags: giao nhanh, béo. Mức cay 0/5.",59000,,https://cdn.mock.local/items/item_041_001.jpg,4.5,114,1658,12,0,884,nhỏ,1,1,0,2025-09-02T12:00:00+07:00,2026-05-17T12:00:00+07:00
item_041_002,shop_041,cat_041_01,Sandwich tuna mayo,Sandwich tuna mayo tại Sandwich Deli Corner. Tags: dễ ăn. Mức cay 0/5.,65000,,https://cdn.mock.local/items/item_041_002.jpg,4.6,225,218,19,0,789,1-2 người,1,0,0,2025-09-02T12:00:00+07:00,2026-05-17T12:00:00+07:00
item_041_003,shop_041,cat_041_01,Sandwich gà pesto,Sandwich gà pesto tại Sandwich Deli Corner. Tags: ăn trưa. Mức cay 0/5.,69000,,https://cdn.mock.local/items/item_041_003.jpg,4.8,1191,783,11,0,880,1-2 người,1,0,0,2025-09-02T12:00:00+07:00,2026-05-17T12:00:00+07:00
item_041_004,shop_041,cat_041_02,Soup cà chua,Soup cà chua tại Sandwich Deli Corner. Tags: món phụ. Mức cay 0/5.,39000,33000,https://cdn.mock.local/items/item_041_004.jpg,4.6,401,36,10,0,517,nhỏ,1,0,0,2025-09-02T12:00:00+07:00,2026-05-17T12:00:00+07:00
item_041_005,shop_041,cat_041_03,Cookie chocolate,Cookie chocolate tại Sandwich Deli Corner. Tags: ngọt. Mức cay 0/5.,25000,24000,https://cdn.mock.local/items/item_041_005.jpg,4.8,810,1720,13,0,341,nhỏ,1,0,0,2025-09-02T12:00:00+07:00,2026-05-17T12:00:00+07:00
item_041_006,shop_041,cat_041_04,Americano đá,Americano đá tại Sandwich Deli Corner. Tags: cà phê. Mức cay 0/5.,35000,,https://cdn.mock.local/items/item_041_006.jpg,4.5,1143,1959,17,0,197,2 người,1,0,0,2025-09-02T12:00:00+07:00,2026-05-17T12:00:00+07:00
item_042_001,shop_042,cat_042_01,Cơm bò nướng BBQ,"Cơm bò nướng BBQ tại Bếp Nướng BBQ Express. Tags: ăn trưa, đậm vị. Mức cay 1/5.",79000,,https://cdn.mock.local/items/item_042_001.jpg,4.9,785,3142,20,1,744,1 người,1,1,0,2025-04-19T12:00:00+07:00,2026-05-24T12:00:00+07:00
item_042_002,shop_042,cat_042_02,Sườn nướng mật ong,"Sườn nướng mật ong tại Bếp Nướng BBQ Express. Tags: bán chạy, cao cấp. Mức cay 0/5.",119000,,https://cdn.mock.local/items/item_042_002.jpg,4.6,673,2631,20,0,322,1 người,1,1,0,2025-04-19T12:00:00+07:00,2026-05-24T12:00:00+07:00
item_042_003,shop_042,cat_042_02,Gà nướng sốt cay,"Gà nướng sốt cay tại Bếp Nướng BBQ Express. Tags: cay, ăn tối. Mức cay 3/5.",89000,,https://cdn.mock.local/items/item_042_003.jpg,4.7,340,1727,17,3,676,vừa,1,0,0,2025-04-19T12:00:00+07:00,2026-05-24T12:00:00+07:00
item_042_004,shop_042,cat_042_03,Combo nướng 2 người,"Combo nướng 2 người tại Bếp Nướng BBQ Express. Tags: ăn nhóm, combo. Mức cay 2/5.",199000,,https://cdn.mock.local/items/item_042_004.jpg,4.9,513,538,15,2,1136,nhỏ,1,0,1,2025-04-19T12:00:00+07:00,2026-05-24T12:00:00+07:00
item_042_005,shop_042,cat_042_04,Salad bắp cải,Salad bắp cải tại Bếp Nướng BBQ Express. Tags: món phụ. Mức cay 0/5.,29000,,https://cdn.mock.local/items/item_042_005.jpg,4.6,1016,1087,15,0,616,vừa,1,1,0,2025-04-19T12:00:00+07:00,2026-05-24T12:00:00+07:00
item_042_006,shop_042,cat_042_05,Pepsi lon,Pepsi lon tại Bếp Nướng BBQ Express. Tags: đồ uống. Mức cay 0/5.,18000,,https://cdn.mock.local/items/item_042_006.jpg,4.7,804,1774,23,0,243,1-2 người,1,0,0,2025-04-19T12:00:00+07:00,2026-05-24T12:00:00+07:00
item_043_001,shop_043,cat_043_01,Tiramisu cup,"Tiramisu cup tại Bánh Ngọt Paris Mini. Tags: ngọt, bán chạy. Mức cay 0/5.",55000,,https://cdn.mock.local/items/item_043_001.jpg,4.2,684,2803,26,0,532,lớn,1,1,0,2025-07-22T12:00:00+07:00,2026-05-29T12:00:00+07:00
item_043_002,shop_043,cat_043_01,Cheesecake dâu,"Cheesecake dâu tại Bánh Ngọt Paris Mini. Tags: ngọt, béo. Mức cay 0/5.",59000,50000,https://cdn.mock.local/items/item_043_002.jpg,4.4,1055,1975,23,0,666,lớn,1,0,0,2025-07-22T12:00:00+07:00,2026-05-29T12:00:00+07:00
item_043_003,shop_043,cat_043_02,Croissant bơ,Croissant bơ tại Bánh Ngọt Paris Mini. Tags: ăn sáng. Mức cay 0/5.,39000,,https://cdn.mock.local/items/item_043_003.jpg,4.3,1098,3364,24,0,689,2 người,1,0,0,2025-07-22T12:00:00+07:00,2026-05-29T12:00:00+07:00
item_043_004,shop_043,cat_043_01,Macaron set 4,"Macaron set 4 tại Bánh Ngọt Paris Mini. Tags: cao cấp, ngọt. Mức cay 0/5.",69000,,https://cdn.mock.local/items/item_043_004.jpg,4.6,102,955,20,0,767,1-2 người,1,0,0,2025-07-22T12:00:00+07:00,2026-05-29T12:00:00+07:00
item_043_005,shop_043,cat_043_02,Chocolate muffin,Chocolate muffin tại Bánh Ngọt Paris Mini. Tags: ngọt. Mức cay 0/5.,35000,32000,https://cdn.mock.local/items/item_043_005.jpg,4.5,186,3948,16,0,821,nhỏ,1,0,0,2025-07-22T12:00:00+07:00,2026-05-29T12:00:00+07:00
item_043_006,shop_043,cat_043_03,Trà Earl Grey,Trà Earl Grey tại Bánh Ngọt Paris Mini. Tags: đồ uống. Mức cay 0/5.,45000,,https://cdn.mock.local/items/item_043_006.jpg,4.2,1100,2786,14,0,398,lớn,1,0,0,2025-07-22T12:00:00+07:00,2026-05-29T12:00:00+07:00
item_044_001,shop_044,cat_044_01,Bún cá sứa,"Bún cá sứa tại Bún Cá Nha Trang. Tags: hải sản, món nước. Mức cay 0/5.",65000,,https://cdn.mock.local/items/item_044_001.jpg,4.9,163,3038,11,0,326,1 người,1,1,0,2025-05-21T12:00:00+07:00,2026-05-24T12:00:00+07:00
item_044_002,shop_044,cat_044_01,Bún cá thu,"Bún cá thu tại Bún Cá Nha Trang. Tags: hải sản, no lâu. Mức cay 0/5.",69000,,https://cdn.mock.local/items/item_044_002.jpg,4.8,250,3378,12,0,699,1 người,1,0,0,2025-05-21T12:00:00+07:00,2026-05-24T12:00:00+07:00
item_044_003,shop_044,cat_044_01,Bún chả cá Nha Trang,Bún chả cá Nha Trang tại Bún Cá Nha Trang. Tags: dễ ăn. Mức cay 0/5.,59000,53000,https://cdn.mock.local/items/item_044_003.jpg,4.7,293,2651,9,0,567,1 người,1,0,0,2025-05-21T12:00:00+07:00,2026-05-24T12:00:00+07:00
item_044_004,shop_044,cat_044_02,Chả cá thêm,Chả cá thêm tại Bún Cá Nha Trang. Tags: topping. Mức cay 0/5.,25000,,https://cdn.mock.local/items/item_044_004.jpg,4.6,162,1068,12,0,223,lớn,1,0,0,2025-05-21T12:00:00+07:00,2026-05-24T12:00:00+07:00
item_044_005,shop_044,cat_044_02,Rau sống thêm,Rau sống thêm tại Bún Cá Nha Trang. Tags: healthy. Mức cay 0/5.,8000,,https://cdn.mock.local/items/item_044_005.jpg,4.6,269,610,14,0,231,1 người,1,1,0,2025-05-21T12:00:00+07:00,2026-05-24T12:00:00+07:00
item_044_006,shop_044,cat_044_03,Nước nha đam,Nước nha đam tại Bún Cá Nha Trang. Tags: đồ uống. Mức cay 0/5.,22000,,https://cdn.mock.local/items/item_044_006.jpg,4.8,82,757,7,0,188,vừa,1,0,0,2025-05-21T12:00:00+07:00,2026-05-24T12:00:00+07:00
